year,doi,siam_url,corresponding_author,orcid,institution,title
2018,10.1137/17m1137747,https://epubs.siam.org/doi/10.1137/17m1137747,Zhong‐Zhi Bai,,,On Greedy Randomized Kaczmarz Method for Solving Large Sparse Linear Systems
2018,10.1137/18m1166961,https://epubs.siam.org/doi/10.1137/18m1166961,Qing Cheng,0000-0001-5645-5256,,Multiple Scalar Auxiliary Variable (MSAV) Approach and its Application to the Phase-Field Vesicle Membrane Model
2018,10.1137/16m1100885,https://epubs.siam.org/doi/10.1137/16m1100885,Yali Gao,0000-0001-8308-2475,,"Decoupled, Linear, and Energy Stable Finite Element Method for the Cahn--Hilliard--Navier--Stokes--Darcy Phase Field Mod"
2018,10.1137/17m1111759,https://epubs.siam.org/doi/10.1137/17m1111759,Yuezheng Gong,0000-0002-5381-7183,Nanjing University of Aeronautics and Astronautics,Fully Discrete Second-Order Linear Schemes for Hydrodynamic Phase Field Models of Binary Viscous Fluid Flows with Variab
2018,10.1137/17m1126126,https://epubs.siam.org/doi/10.1137/17m1126126,Pengliang Yang,0000-0002-9068-9344,,A Time-Domain Preconditioned Truncated Newton Approach to Visco-acoustic Multiparameter Full Waveform Inversion
2018,10.1137/18m1184497,https://epubs.siam.org/doi/10.1137/18m1184497,Leslie Greengard,0000-0003-2895-8715,,The Anisotropic Truncated Kernel Method for Convolution with Free-Space Green's Functions
2018,10.1137/17m1112790,https://epubs.siam.org/doi/10.1137/17m1112790,Jun Zhu,0000-0001-7440-0195,,New Finite Volume Weighted Essentially Nonoscillatory Schemes on Triangular Meshes
2018,10.1137/17m1145677,https://epubs.siam.org/doi/10.1137/17m1145677,Jiangguo Liu,0000-0002-2188-5157,,Lowest-Order Weak Galerkin Finite Element Method for Darcy Flow on Convex Polygonal Meshes
2018,10.1137/17m115164x,https://epubs.siam.org/doi/10.1137/17m115164x,Marco Donatelli,0000-0001-7958-9126,,Spectral Analysis and Multigrid Methods for Finite Volume Approximations of Space-Fractional Diffusion Equations
2018,10.1137/16m1060625,https://epubs.siam.org/doi/10.1137/16m1060625,Kainan Wang,0000-0003-2975-938X,,A Randomized Maximum A Posteriori Method for Posterior Sampling of High Dimensional Nonlinear Bayesian Inverse Problems
2018,10.1137/17m1144350,https://epubs.siam.org/doi/10.1137/17m1144350,Thomas A. Manteuffel,0000-0002-8897-4146,,Nonsymmetric Algebraic Multigrid Based on Local Approximate Ideal Restriction ($\ell$AIR)
2018,10.1137/17m1128745,https://epubs.siam.org/doi/10.1137/17m1128745,Shawn W. Walker,0000-0002-8027-5789,,FELICITY: A Matlab/C++ Toolbox for Developing Finite Element Methods and Simulation Modeling
2018,10.1137/17m1143459,https://epubs.siam.org/doi/10.1137/17m1143459,Elsa Cazelles,,,Geodesic PCA versus Log-PCA of Histograms in the Wasserstein Space
2018,10.1137/17m1135451,https://epubs.siam.org/doi/10.1137/17m1135451,Yuezheng Gong,0000-0002-5381-7183,Utah State University,Second Order Fully Discrete Energy Stable Methods on Staggered Grids for Hydrodynamic Phase Field Models of Binary Visco
2018,10.1137/16m1102896,https://epubs.siam.org/doi/10.1137/16m1102896,Qiang Du,0000-0002-1067-8937,,Numerical Solution of a Two-Dimensional Nonlocal Wave Equation on Unbounded Domains
2018,10.1137/17m1141102,https://epubs.siam.org/doi/10.1137/17m1141102,Shu‐Lin Wu,0000-0002-4301-3018,,Toward Parallel Coarse Grid Correction for the Parareal Algorithm
2018,10.1137/15m1020447,https://epubs.siam.org/doi/10.1137/15m1020447,Jonathan Feinberg,,,Multivariate Polynomial Chaos Expansions with Dependent Variables
2018,10.1137/17m112436x,https://epubs.siam.org/doi/10.1137/17m112436x,Tong Qin,0000-0003-0659-3292,,Implicit Positivity-Preserving High-Order Discontinuous Galerkin Methods for Conservation Laws
2018,10.1137/17m114371x,https://epubs.siam.org/doi/10.1137/17m114371x,Ali Abdi,0000-0002-0819-5557,,The Barycentric Rational Difference-Quadrature Scheme for Systems of Volterra Integro-differential Equations
2018,10.1137/17m1159385,https://epubs.siam.org/doi/10.1137/17m1159385,Lina Zhao,0000-0002-9606-8231,,A Staggered Discontinuous Galerkin Method of Minimal Dimension on Quadrilateral and Polygonal Meshes
2018,10.1137/16m1101143,https://epubs.siam.org/doi/10.1137/16m1101143,Juan Manzanero,0000-0003-3252-7061,,Dispersion-Dissipation Analysis for Advection Problems with Nonconstant Coefficients: Applications to Discontinuous Gale
2018,10.1137/18m1167681,https://epubs.siam.org/doi/10.1137/18m1167681,Zhaojun Bai,0000-0002-1143-2429,,Robust Rayleigh Quotient Minimization and Nonlinear Eigenvalue Problems
2018,10.1137/18m1172739,https://epubs.siam.org/doi/10.1137/18m1172739,Xu Guo,0000-0001-8349-1674,,A High Order Finite Difference Method for Tempered Fractional Diffusion Equations with Applications to the CGMY Model
2018,10.1137/17m1143514,https://epubs.siam.org/doi/10.1137/17m1143514,Wansheng Wang,0000-0002-2128-7501,,A Posteriori Error Analysis for Crank--Nicolson--Galerkin Type Methods for Reaction-Diffusion Equations with Delay
2018,10.1137/17m1128502,https://epubs.siam.org/doi/10.1137/17m1128502,Lulu Liu,0000-0002-0357-1322,Nanjing University of Science and Technology,A Note on Adaptive Nonlinear Preconditioning Techniques
2018,10.1137/16m1094373,https://epubs.siam.org/doi/10.1137/16m1094373,Herbert Egger,0000-0003-3769-8791,,A Robust Conservative Mixed Finite Element Method for Isentropic Compressible Flow on Pipe Networks
2018,10.1137/16m1098000,https://epubs.siam.org/doi/10.1137/16m1098000,Zhiqiang Sheng,,,Construction of Nonlinear Weighted Method for Finite Volume Schemes Preserving Maximum Principle
2018,10.1137/17m1138157,https://epubs.siam.org/doi/10.1137/17m1138157,Qichen Hong,,Chinese Academy of Sciences,A Multilevel Correction Type of Adaptive Finite Element Method for Eigenvalue Problems
2018,10.1137/16m1099704,https://epubs.siam.org/doi/10.1137/16m1099704,Tiantian Liu,0000-0002-9664-8391,,Efficient and Qualified Mesh Generation for Gaussian Molecular Surface Using Adaptive Partition and Piecewise Polynomial
2018,10.1137/17m1162111,https://epubs.siam.org/doi/10.1137/17m1162111,Buyang Li,0000-0001-7566-3464,Hong Kong Polytechnic University,Stability and Error Analysis for a Second-Order Fast Approximation of the One-dimensional Schrödinger Equation Under Abs
2018,10.1137/16m1090831,https://epubs.siam.org/doi/10.1137/16m1090831,Yat Tin Chow,0000-0002-7703-5901,,A Time-Dependent Direct Sampling Method for Recovering Moving Potentials in a Heat Equation
2018,10.1137/17m1146567,https://epubs.siam.org/doi/10.1137/17m1146567,Hangrui Yue,0000-0002-3939-2596,Nankai University,Implementing the Alternating Direction Method of Multipliers for Big Datasets: A Case Study of Least Absolute Shrinkage 
2018,10.1137/17m113808x,https://epubs.siam.org/doi/10.1137/17m113808x,Shishun Li,0000-0003-2163-9949,,Multilevel Space-Time Additive Schwarz Methods for Parabolic Equations
2018,10.1137/18m1166365,https://epubs.siam.org/doi/10.1137/18m1166365,B. S. Wang,,,Hybrid Compact-WENO Finite Difference Scheme with Radial Basis Function Based Shock Detection Method for Hyperbolic Cons
2018,10.1137/17m1150943,https://epubs.siam.org/doi/10.1137/17m1150943,Roland Griesmaier,0000-0002-1621-6127,,Inverse Source Problems for Maxwell's Equations and the Windowed Fourier Transform
2018,10.1137/17m1139631,https://epubs.siam.org/doi/10.1137/17m1139631,Alejandro Allendes,0000-0002-3305-6823,Federico Santa María Technical University,A Posteriori Error Estimation for a PDE-Constrained Optimization Problem Involving the Generalized Oseen Equations
2018,10.1137/17m1143733,https://epubs.siam.org/doi/10.1137/17m1143733,Lars Ruthotto,0000-0003-0803-3299,,Optimal Experimental Design for Inverse Problems with State Constraints
2018,10.1137/17m1137632,https://epubs.siam.org/doi/10.1137/17m1137632,Boris Krämer,0000-0002-3626-7925,,System Identification via CUR-Factored Hankel Approximation
2018,10.1137/16m1103361,https://epubs.siam.org/doi/10.1137/16m1103361,Erin Carson,0000-0001-9469-7467,,The Numerical Stability Analysis of Pipelined Conjugate Gradient Methods: Historical Context and Methodology
2018,10.1137/17m1113333,https://epubs.siam.org/doi/10.1137/17m1113333,Weizhu Bao,0000-0003-3418-9625,,A Uniformly and Optimally Accurate Method for the Zakharov System in the Subsonic Limit Regime
2018,10.1137/17m1146956,https://epubs.siam.org/doi/10.1137/17m1146956,Arthur Bousquet,,,Newton Solvers for Drift-Diffusion and Electrokinetic Equations
2018,10.1137/16m1103117,https://epubs.siam.org/doi/10.1137/16m1103117,Hannah Morgan,0000-0001-8830-6861,,Towards a Unified Finite Element Method for the Stokes Equations
2018,10.1137/17m1156162,https://epubs.siam.org/doi/10.1137/17m1156162,Jean‐Luc Guermond,0000-0002-6974-6818,,Well-Balanced Second-Order Finite Element Approximation of the Shallow Water Equations with Friction
2018,10.1137/16m1099972,https://epubs.siam.org/doi/10.1137/16m1099972,Stephan Schmidt,0000-0002-4888-0794,,Weak and Strong Form Shape Hessians and Their Automatic Generation
2018,10.1137/17m1121378,https://epubs.siam.org/doi/10.1137/17m1121378,Felix Gremse,0000-0002-6522-9004,,Memory-Efficient Sparse Matrix-Matrix Multiplication by Row Merging on Many-Core Architectures
2018,10.1137/17m113767x,https://epubs.siam.org/doi/10.1137/17m113767x,Yingwei Wang,0000-0001-9257-6389,University of Wisconsin–Madison,Two-Level Spectral Methods for Nonlinear Elliptic Equations with Multiple Solutions
2018,10.1137/18m1172533,https://epubs.siam.org/doi/10.1137/18m1172533,Meng Zhao,0000-0002-0130-7333,Illinois Institute of Technology,Computation of a Shrinking Interface in a Hele-Shaw Cell
2018,10.1137/17m1163050,https://epubs.siam.org/doi/10.1137/17m1163050,S. González‐Pinto,0000-0001-8714-862X,,AMF-type W-methods for Parabolic Problems with Mixed Derivatives
2018,10.1137/17m1149328,https://epubs.siam.org/doi/10.1137/17m1149328,Qinghai Zhang,0000-0002-3655-4190,,Fourth- and Higher-order Interface Tracking Via Mapping and Adjusting Regular Semianalytic sets Represented by Cubic Spl
2018,10.1137/17m1137061,https://epubs.siam.org/doi/10.1137/17m1137061,Jessica Cervi,,,High-Order Operator Splitting for the Bidomain and Monodomain Models
2018,10.1137/16m110900x,https://epubs.siam.org/doi/10.1137/16m110900x,Duan Chen,0000-0002-1996-370X,,Accurate and Efficient Nyström Volume Integral Equation Method for Electromagnetic Scattering of 3-D Metamaterials in La
2018,10.1137/17m1145914,https://epubs.siam.org/doi/10.1137/17m1145914,Lei‐Hong Zhang,0000-0001-5349-8621,,A Nested Lanczos Method for the Trust-Region Subproblem
2018,10.1137/17m1143320,https://epubs.siam.org/doi/10.1137/17m1143320,Geoffrey Dillon,,,A Hierarchical Low Rank Schur Complement Preconditioner for Indefinite Linear Systems
2018,10.1137/18m1188069,https://epubs.siam.org/doi/10.1137/18m1188069,Yongfeng Li,0000-0002-9725-0692,,A SemiSmooth Newton Method for Semidefinite Programs and its Applications in Electronic Structure Calculations
2018,10.1137/17m1113473,https://epubs.siam.org/doi/10.1137/17m1113473,Ivi C. Tsantili,,,A Computational Stochastic Methodology for the Design of Random Meta-materials under Geometric Constraints
2018,10.1137/18m1173472,https://epubs.siam.org/doi/10.1137/18m1173472,Reiichiro Kawai,0000-0002-3845-015X,,Optimizing Adaptive Importance Sampling by Stochastic Approximation
2018,10.1137/16m1078082,https://epubs.siam.org/doi/10.1137/16m1078082,Huo-Yuan Duan,,,A Mixed $H^1$-Conforming Finite Element Method for Solving Maxwell's Equations with Non-$H^1$ Solution
2018,10.1137/16m1106006,https://epubs.siam.org/doi/10.1137/16m1106006,H. V. R. Mittal,0000-0002-8769-5882,,Solving Immersed Interface Problems Using a New Interfacial Points-Based Finite Difference Approach
2018,10.1137/17m1162238,https://epubs.siam.org/doi/10.1137/17m1162238,Johan Helsing,0000-0003-1434-9222,Lund University,On Integral Equation Methods for the First Dirichlet Problem of the Biharmonic and Modified Biharmonic Equations in NonS
2018,10.1137/17m1137322,https://epubs.siam.org/doi/10.1137/17m1137322,Roland Glowinski,,University of Houston,A Simple Explicit Operator-Splitting Method for Effective Hamiltonians
2018,10.1137/16m1102410,https://epubs.siam.org/doi/10.1137/16m1102410,Ron Estrin,0000-0001-7576-7394,,SPMR: A Family of Saddle-Point Minimum Residual Solvers
2018,10.1137/17m1149444,https://epubs.siam.org/doi/10.1137/17m1149444,Noel Chalmers,0000-0002-1293-7525,,Low-Order Preconditioning of High-Order Triangular Finite Elements
2018,10.1137/17m112141x,https://epubs.siam.org/doi/10.1137/17m112141x,Fei Xue,0000-0002-2491-9359,,A Block Preconditioned Harmonic Projection Method for Large-Scale Nonlinear Eigenvalue Problems
2018,10.1137/17m1141795,https://epubs.siam.org/doi/10.1137/17m1141795,Byron E. Moutafis,,,Parallel Schur Complement Techniques Based on Multiprojection Methods
2018,10.1137/18m1173071,https://epubs.siam.org/doi/10.1137/18m1173071,Afnan Al Marzouk,0000-0002-4451-7381,,Collisional $N$-Body Numerical Integrator with Applications to Charged Particle Dynamics
2018,10.1137/16m1071341,https://epubs.siam.org/doi/10.1137/16m1071341,Masayuki Yano,0000-0002-9329-4508,,A Reduced Basis Method for Coercive Equations with an Exact Solution Certificate and Spatio-Parameter Adaptivity: Energy
2018,10.1137/17m1124772,https://epubs.siam.org/doi/10.1137/17m1124772,Jannes Quer,0009-0007-1064-6963,,An Automatic Adaptive Importance Sampling Algorithm for Molecular Dynamics in Reaction Coordinates
2018,10.1137/17m1154527,https://epubs.siam.org/doi/10.1137/17m1154527,Vassilis Kalantzis,0000-0002-4614-6422,University of Minnesota,Beyond Automated Multilevel Substructuring: Domain Decomposition with Rational Filtering
2018,10.1137/17m1137334,https://epubs.siam.org/doi/10.1137/17m1137334,Tom Gustafsson,0000-0003-1611-5032,Aalto University,A Posteriori Estimates for Conforming Kirchhoff Plate Elements
2018,10.1137/15m1021751,https://epubs.siam.org/doi/10.1137/15m1021751,Zhe Feng,,,An Adaptive Independence Sampler MCMC Algorithm for Bayesian Inferences of Functions
2018,10.1137/17m1145227,https://epubs.siam.org/doi/10.1137/17m1145227,Awad H. Al-Mohy,0000-0002-4722-3864,,A Truncated Taylor Series Algorithm for Computing the Action of Trigonometric and Hyperbolic Matrix Functions
2018,10.1137/17m1120038,https://epubs.siam.org/doi/10.1137/17m1120038,Yihong Wang,0000-0003-1541-2035,,Uniformly Convergent Scheme for Strongly Anisotropic Diffusion Equations with Closed Field Lines
2018,10.1137/16m1109084,https://epubs.siam.org/doi/10.1137/16m1109084,Matthias Heinkenschloss,0000-0002-9305-4221,,Reduced Order Modeling for Time-Dependent Optimization Problems with Initial Value Controls
2018,10.1137/17m1162925,https://epubs.siam.org/doi/10.1137/17m1162925,Evgeny Tenetov,0000-0002-2798-8624,,Fast Entropic Regularized Optimal Transport Using Semidiscrete Cost Approximation
2018,10.1137/17m1145823,https://epubs.siam.org/doi/10.1137/17m1145823,Artur Safin,0000-0002-3351-4767,,A Preconditioned Finite Element Solution of the Coupled Pressure-Temperature Equations Used to Model Trace Gas Sensors
2018,10.1137/16m1093975,https://epubs.siam.org/doi/10.1137/16m1093975,Ionuț-Gabriel Farcaș,0000-0002-3884-1580,,Nonintrusive Uncertainty Analysis of Fluid-Structure Interaction with Spatially Adaptive Sparse Grids and Polynomial Cha
2018,10.1137/17m1132537,https://epubs.siam.org/doi/10.1137/17m1132537,Minghao W. Rostami,0000-0003-1110-0704,Toronto Metropolitan University,Robust Linear Stability Analysis and a New Method for Computing the Action of the Matrix Exponential
2018,10.1137/16m1092465,https://epubs.siam.org/doi/10.1137/16m1092465,Martin Neuenhofen,0000-0002-3652-4960,,Mstab: Stabilized Induced Dimension Reduction for Krylov Subspace Recycling
2018,10.1137/17m1132197,https://epubs.siam.org/doi/10.1137/17m1132197,Andres A. Contreras,0000-0002-2963-3624,McMaster University,Parallel Domain Decomposition Strategies for Stochastic Elliptic Equations Part B: Accelerated Monte Carlo Sampling with
2018,10.1137/17m1160756,https://epubs.siam.org/doi/10.1137/17m1160756,Dongkun Zhang,0000-0002-0811-4964,,Stochastic Domain Decomposition via Moment Minimization
2018,10.1137/17m1141825,https://epubs.siam.org/doi/10.1137/17m1141825,Jeffrey S. Ovall,0000-0003-1944-2872,,A High-Order Method for Evaluating Derivatives of Harmonic Functions in Planar Domains
2018,10.1137/16m1099017,https://epubs.siam.org/doi/10.1137/16m1099017,Nat Chun-Ho Leung,,,Partial Differential Equation Pricing of Contingent Claims under Stochastic Correlation
2018,10.1137/17m1114648,https://epubs.siam.org/doi/10.1137/17m1114648,Chung-Ki Cho,,,Dual-Mesh Characteristics for Particle-Mesh Methods for the Simulation of Convection-Dominated Flows
2018,10.1137/17m1154965,https://epubs.siam.org/doi/10.1137/17m1154965,Marica Pelanti,0000-0001-8315-2322,,Wave Structure Similarity of the HLLC and Roe Riemann Solvers: Application to Low Mach Number Preconditioning
2018,10.1137/17m1136249,https://epubs.siam.org/doi/10.1137/17m1136249,Wang Kong,0000-0002-1419-3777,,Asymptotic Analysis and Numerical Method for Singularly Perturbed Eigenvalue Problems
2018,10.1137/18m117368x,https://epubs.siam.org/doi/10.1137/18m117368x,Michael Crockatt,0000-0002-4393-1556,,Low-Storage Integral Deferred Correction Methods for Scientific Computing
2018,10.1137/17m1138698,https://epubs.siam.org/doi/10.1137/17m1138698,Elaheh Gorgin,,Minot State University,On the Convergence of a Heuristic Parameter Choice Rule for Tikhonov Regularization
2018,10.1137/16m110602x,https://epubs.siam.org/doi/10.1137/16m110602x,Stephan Schmidt,0000-0002-4888-0794,,Efficient Numerical Solution of Geometric Inverse Problems Involving Maxwell's Equations Using Shape Derivatives and Aut
2018,10.1137/17m1146725,https://epubs.siam.org/doi/10.1137/17m1146725,Martin Neumüller,,,A Fully Parallelizable Space-Time Multilevel Monte Carlo Method for Stochastic Differential Equations with Additive Nois
2018,10.1137/17m1119937,https://epubs.siam.org/doi/10.1137/17m1119937,Samaneh Khodayari-Samghabadi,,,Implicit-Modal Discontinuous Galerkin Scheme for Two-Phase Flow with Discontinuous Capillary Pressure
2018,10.1137/17m1132859,https://epubs.siam.org/doi/10.1137/17m1132859,Josef Sifuentes,0000-0002-9796-4855,The University of Texas Rio Grande Valley,Preconditioning Methods for Thin Scattering Structures Based on Asymptotic Results
2018,10.1137/16m1062260,https://epubs.siam.org/doi/10.1137/16m1062260,Ronald B. Morgan,0000-0002-0623-3740,,Two-Grid and Multiple-Grid Arnoldi for Eigenvalues
2018,,https://epubs.siam.org/doi/,Jeffrey M. Hokanson,0000-0003-3059-5298,,ParILUT - A New Parallel Threshold ILU
2019,10.1137/17m1147615,https://epubs.siam.org/doi/10.1137/17m1147615,Matthias Bollhöfer,0000-0002-8093-5812,,Large-scale Sparse Inverse Covariance Matrix Estimation
2019,10.1137/19m1253356,https://epubs.siam.org/doi/10.1137/19m1253356,Jianyuan Yin,,,High-Index Optimization-Based Shrinking Dimer Method for Finding High-Index Saddle Points
2019,10.1137/17m1160768,https://epubs.siam.org/doi/10.1137/17m1160768,Lingxiao Li,0000-0002-8443-023X,,A Charge-Conservative Finite Element Method for Inductionless MHD Equations. Part I: Convergence
2019,10.1137/18m1199988,https://epubs.siam.org/doi/10.1137/18m1199988,Qian Zhang,0000-0002-1503-193X,,<i>H</i>(curl$^2$)-Conforming Finite Elements in 2 Dimensions and Applications to the Quad-Curl Problem
2019,10.1137/18m1220613,https://epubs.siam.org/doi/10.1137/18m1220613,Alexander Heinlein,0000-0003-1578-8104,,Adaptive GDSW Coarse Spaces for Overlapping Schwarz Methods in Three Dimensions
2019,10.1137/18m122265x,https://epubs.siam.org/doi/10.1137/18m122265x,Jie Du,,,High-Order Bound-Preserving Discontinuous Galerkin Methods for Stiff Multispecies Detonation
2019,10.1137/18m1174635,https://epubs.siam.org/doi/10.1137/18m1174635,Yan Luo,,,A Multilevel Monte Carlo Ensemble Scheme for Random Parabolic PDEs
2019,10.1137/18m1228736,https://epubs.siam.org/doi/10.1137/18m1228736,Stefano Berrone,0000-0001-8642-4258,,"Parallel Meshing, Discretization, and Computation of Flow in Massive Discrete Fracture Networks"
2019,10.1137/18m1209301,https://epubs.siam.org/doi/10.1137/18m1209301,Jean‐Luc Guermond,0000-0002-6974-6818,,High-Order Adaptive Time Stepping for the Incompressible Navier--Stokes Equations
2019,10.1137/18m1217309,https://epubs.siam.org/doi/10.1137/18m1217309,Matthew J. Colbrook,0000-0003-4964-9575,,A Hybrid Analytical-Numerical Technique for Elliptic PDEs
2019,10.1137/19m1260372,https://epubs.siam.org/doi/10.1137/19m1260372,Lingxiao Li,0000-0002-8443-023X,,A Charge-Conservative Finite Element Method for Inductionless MHD Equations. Part II: A Robust Solver
2019,10.1137/17m1155983,https://epubs.siam.org/doi/10.1137/17m1155983,Ben Adcock,,Simon Fraser University,Joint Sparse Recovery Based on Variances
2019,10.1137/18m1184047,https://epubs.siam.org/doi/10.1137/18m1184047,Alexander Heinlein,0000-0003-1578-8104,,Monolithic Overlapping Schwarz Domain Decomposition Methods with GDSW Coarse Spaces for Incompressible Fluid Flow Proble
2019,10.1137/18m1167024,https://epubs.siam.org/doi/10.1137/18m1167024,Yunlong Yu,0000-0002-4809-9738,,A Finite Volume Scheme Preserving Maximum Principle for the System of Radiation Diffusion Equations with Three-Temperatu
2019,10.1137/18m1222363,https://epubs.siam.org/doi/10.1137/18m1222363,Alejandro Allendes,0000-0002-3305-6823,,An Adaptive FEM for the Pointwise Tracking Optimal Control Problem of the Stokes Equations
2019,10.1137/18m1199034,https://epubs.siam.org/doi/10.1137/18m1199034,Jeremy Hoskins,0000-0001-5307-2452,,On the Numerical Solution of Elliptic Partial Differential Equations on Polygonal Domains
2019,10.1137/18m1203808,https://epubs.siam.org/doi/10.1137/18m1203808,Tommaso Buvoli,0000-0002-6569-239X,,Constructing New Time Integrators Using Interpolating Polynomials
2019,10.1137/19m124229x,https://epubs.siam.org/doi/10.1137/19m124229x,Nianyu Yi,0000-0002-2106-8237,,A Conservative Discontinuous Galerkin Method for Nonlinear Electromagnetic Schrödinger Equations
2019,10.1137/16m1090934,https://epubs.siam.org/doi/10.1137/16m1090934,Slimane Adjerid,0000-0003-0340-9090,,An Immersed Discontinuous Galerkin Method for Acoustic Wave Propagation in Inhomogeneous Media
2019,10.1137/18m1194997,https://epubs.siam.org/doi/10.1137/18m1194997,Pedro D. Bello-Maldonado,0000-0003-0691-5204,,Scalable Low-Order Finite Element Preconditioners for High-Order Spectral Element Poisson Solvers
2019,10.1137/18m121914x,https://epubs.siam.org/doi/10.1137/18m121914x,Kai Fu,0000-0002-8647-9889,,A Mass-Conservative Temporal Second Order and Spatial Fourth Order Characteristic Finite Volume Method for Atmospheric P
2019,10.1137/18m1172491,https://epubs.siam.org/doi/10.1137/18m1172491,Vít Dolejší,0000-0001-6356-934X,,A Goal-Oriented High-Order Anisotropic Mesh Adaptation Using Discontinuous Galerkin Method for Linear Convection-Diffusi
2019,10.1137/18m1197461,https://epubs.siam.org/doi/10.1137/18m1197461,Massimo Bernaschi,0000-0003-3661-9836,,A Dynamic Pattern Factored Sparse Approximate Inverse Preconditioner on Graphics Processing Units
2019,10.1137/18m1208794,https://epubs.siam.org/doi/10.1137/18m1208794,Christoph Hofer,0000-0002-1779-6215,,Parallel and Robust Preconditioning for Space-Time Isogeometric Analysis of Parabolic Evolution Problems
2019,10.1137/18m1194936,https://epubs.siam.org/doi/10.1137/18m1194936,Shihua Gong,0000-0003-3650-2283,,A Nonlinear Elimination Preconditioned Inexact Newton Method for Heterogeneous Hyperelasticity
2019,10.1137/18m1207697,https://epubs.siam.org/doi/10.1137/18m1207697,Shu‐Lin Wu,0000-0002-4301-3018,,Acceleration of the Two-Level MGRIT Algorithm via the Diagonalization Technique
2019,10.1137/18m1225847,https://epubs.siam.org/doi/10.1137/18m1225847,Raphael Hohmann,0000-0002-8972-3146,,Shape Optimization of a Polymer Distributor Using an Eulerian Residence Time Model
2019,10.1137/17m116272x,https://epubs.siam.org/doi/10.1137/17m116272x,George I. Boutselis,0000-0002-0930-3257,,Numerical Trajectory Optimization for Stochastic Mechanical Systems
2019,10.1137/17m115311x,https://epubs.siam.org/doi/10.1137/17m115311x,Félix Kwok,0000-0002-8360-6328,Toronto Metropolitan University,Schwarz Waveform Relaxation with Adaptive Pipelining
2019,10.1137/18m1175768,https://epubs.siam.org/doi/10.1137/18m1175768,Anders Bernland,0000-0001-8329-8348,,Shape Optimization of a Compression Driver Phase Plug
2019,10.1137/17m1159038,https://epubs.siam.org/doi/10.1137/17m1159038,Andrew Giuliani,,,A Moment Limiter for the Discontinuous Galerkin Method on Unstructured Triangular Meshes
2019,10.1137/18m1210101,https://epubs.siam.org/doi/10.1137/18m1210101,Wajih Boukaram,0000-0002-2958-9344,King Abdullah University of Science and Technology,Randomized GPU Algorithms for the Construction of Hierarchical Matrices from Matrix-Vector Operations
2019,10.1137/18m1194870,https://epubs.siam.org/doi/10.1137/18m1194870,Alena Kopaničáková,0000-0001-8388-5518,,Subdivision-Based Nonlinear Multiscale Cloth Simulation
2019,10.1137/18m1194961,https://epubs.siam.org/doi/10.1137/18m1194961,Christopher Gorman,0000-0002-3710-0094,,Robust and Accurate Stopping Criteria for Adaptive Randomized Sampling in Matrix-Free Hierarchically Semiseparable Const
2019,10.1137/18m1204802,https://epubs.siam.org/doi/10.1137/18m1204802,Harbir Antil,0000-0002-6641-1449,,Reduced Basis Methods for Fractional Laplace Equations via Extension
2019,10.1137/18m1214494,https://epubs.siam.org/doi/10.1137/18m1214494,Filip Ivančić,0000-0002-4711-9477,,Arbitrary Lagrangian Eulerian-Type Finite Element Methods Formulation for PDEs on Time-Dependent Domains with Vanishing 
2019,10.1137/18m1210277,https://epubs.siam.org/doi/10.1137/18m1210277,Ming‐Chih Lai,,,Unconditionally Energy Stable Schemes for the Inextensible Interface Problem with Bending
2019,10.1137/18m119690x,https://epubs.siam.org/doi/10.1137/18m119690x,Songting Luo,0000-0003-2904-9169,,Fast Huygens Sweeping Methods for Time-Dependent Schrödinger Equation with Perfectly Matched Layers
2019,10.1137/18m1218005,https://epubs.siam.org/doi/10.1137/18m1218005,Max Gunzburger,0000-0003-0921-9079,,"Descriptions, Discretizations, and Comparisons of Time/Space Colored and White Noise Forcings of the Navier--Stokes Equa"
2019,10.1137/18m1201421,https://epubs.siam.org/doi/10.1137/18m1201421,Kevin R. Green,0000-0003-3413-8617,,Direct Function Evaluation versus Lookup Tables: When to Use Which?
2019,10.1137/18m119063x,https://epubs.siam.org/doi/10.1137/18m119063x,Sabine Le Borne,0000-0002-4399-4442,,Iterative Solution of Saddle-Point Systems from Radial Basis Function (RBF) Interpolation
2019,10.1137/18m1234564,https://epubs.siam.org/doi/10.1137/18m1234564,Allal Guessab,0000-0001-8394-9155,Université de Pau et des Pays de l'Adour,Extended Multidimensional Integration Formulas on Polytope Meshes
2019,10.1137/17m1138029,https://epubs.siam.org/doi/10.1137/17m1138029,Li Wang,0000-0002-9756-4317,,An Asymptotic-Preserving Scheme for the Kinetic Equation with Anisotropic Scattering: Heavy Tail Equilibrium and Degener
2019,10.1137/18m1167322,https://epubs.siam.org/doi/10.1137/18m1167322,Bruno Lang,0000-0001-9197-4836,,Efficient Reduction of Banded Hermitian Positive Definite Generalized Eigenvalue Problems to Banded Standard Eigenvalue 
2019,10.1137/18m123075x,https://epubs.siam.org/doi/10.1137/18m123075x,Kelsey DiPietro,0000-0002-5682-3212,,Adaptive Solution to Two-Dimensional Partial Differential Equations in Curved Domains Using the Monge--Ampére Equation
2019,10.1137/19m1237557,https://epubs.siam.org/doi/10.1137/19m1237557,Clark R. Dohrmann,,,Vertex-Based Preconditioners for the Coarse Problems of BDDC
2019,10.1137/19m1245633,https://epubs.siam.org/doi/10.1137/19m1245633,Dominik Pölz,,,Space-Time Discretized Retarded Potential Boundary Integral Operators: Quadrature for Collocation Methods
2019,10.1137/17m1143319,https://epubs.siam.org/doi/10.1137/17m1143319,Selin Aslan,0000-0002-1077-948X,,Randomized Approach to Nonlinear Inversion Combining Random and Optimized Simultaneous Sources and Detectors
2019,10.1137/18m1236071,https://epubs.siam.org/doi/10.1137/18m1236071,Alexandre Timonov,,,Numerical Solution of a Regularized Weighted Mean Curvature Flow Problem For Electrical Conductivity Imaging
2019,10.1137/18m118061x,https://epubs.siam.org/doi/10.1137/18m118061x,Mircea Grigoriu,0000-0002-4346-9357,,PC Translation Models for Random Vectors and Multivariate Extremes
2019,10.1137/18m1194894,https://epubs.siam.org/doi/10.1137/18m1194894,Andrew Glaws,0000-0002-7268-1883,,Gaussian Quadrature and Polynomial Approximation for One-Dimensional Ridge Functions
2019,10.1137/18m1222004,https://epubs.siam.org/doi/10.1137/18m1222004,Steven Goldenberg,0000-0002-5264-6298,,A Golub--Kahan Davidson Method for Accurately Computing a Few Singular Triplets of Large Sparse Matrices
2019,10.1137/18m1218078,https://epubs.siam.org/doi/10.1137/18m1218078,Chi Yeung Lam,,,Numerical Microlocal Analysis by Fast Gaussian Wave Packet Transforms and Application to High-Frequency Helmholtz Proble
2019,10.1137/18m1200439,https://epubs.siam.org/doi/10.1137/18m1200439,Marco Frego,0000-0003-2855-9052,,Point-Clothoid Distance and Projection Computation
2019,10.1137/18m1230906,https://epubs.siam.org/doi/10.1137/18m1230906,Erkki Heikkola,,Numerola (Finland),A Parallel Domain Decomposition Method for the Helmholtz Equation in Layered Media
2019,10.1137/18m1210885,https://epubs.siam.org/doi/10.1137/18m1210885,Qinghai Zhang,0000-0002-3655-4190,,Lagrangian Flux Calculation Through a Fixed Planar Curve for Scalar Conservation Laws
2019,10.1137/18m1185995,https://epubs.siam.org/doi/10.1137/18m1185995,Consuelo Fuenzalida,,,Uncertainty Quantification for Multigroup Diffusion Equations Using Sparse Tensor Approximations
2019,10.1137/18m1182401,https://epubs.siam.org/doi/10.1137/18m1182401,Ji Soo Ahn,,,Isogeometric Analysis of the Steady-State Incompressible MHD Equations
2019,10.1137/18m1198922,https://epubs.siam.org/doi/10.1137/18m1198922,K. Jbilou,0000-0003-4887-683X,,Nonlinear Least-Squares Approach for Large-Scale Algebraic Riccati Equations
2019,10.1137/18m1191634,https://epubs.siam.org/doi/10.1137/18m1191634,Ricardo H. Nochetto,0009-0002-8895-1144,,Convergent Two-Scale Filtered Scheme for the Monge--Ampère Equation
2019,10.1137/19m1262449,https://epubs.siam.org/doi/10.1137/19m1262449,Katharina Kormann,0000-0003-1956-2073,Max Planck Society,Stable Interpolation with Isotropic and Anisotropic Gaussians Using Hermite Generating Function
2019,10.1137/18m1211015,https://epubs.siam.org/doi/10.1137/18m1211015,Conor McCoid,0000-0002-2592-5005,,Improved Resolution of Boundary Layers for Spectral Collocation
2020,10.1137/19m1298627,https://epubs.siam.org/doi/10.1137/19m1298627,Fukeng Huang,0000-0003-3644-268X,,A Highly Efficient and Accurate New Scalar Auxiliary Variable Approach for Gradient Flows
2020,10.1137/20m1312629,https://epubs.siam.org/doi/10.1137/20m1312629,Kui Du,0000-0003-4891-0081,,Randomized Extended Average Block Kaczmarz for Solving Least Squares
2020,10.1137/19m1259948,https://epubs.siam.org/doi/10.1137/19m1259948,Hannah Lu,,,Prediction Accuracy of Dynamic Mode Decomposition
2020,10.1137/19m1306221,https://epubs.siam.org/doi/10.1137/19m1306221,Qing Cheng,0000-0001-5645-5256,,Global Constraints Preserving Scalar Auxiliary Variable Schemes for Gradient Flows
2020,10.1137/19m1248583,https://epubs.siam.org/doi/10.1137/19m1248583,Elizabeth Carlson,0000-0002-5773-9311,,Parameter Recovery for the 2 Dimensional Navier--Stokes Equations via Continuous Data Assimilation
2020,10.1137/18m1213579,https://epubs.siam.org/doi/10.1137/18m1213579,Yuezheng Gong,0000-0002-5381-7183,Nanjing University of Aeronautics and Astronautics,Arbitrarily High-Order Unconditionally Energy Stable Schemes for Thermodynamically Consistent Gradient Flow Models
2020,10.1137/19m1266320,https://epubs.siam.org/doi/10.1137/19m1266320,Lin Mu,0000-0002-2669-2696,,Pressure Robust Weak Galerkin Finite Element Methods for Stokes Problems
2020,10.1137/19m1281927,https://epubs.siam.org/doi/10.1137/19m1281927,Sheng Chen,0000-0002-8325-4481,,A Spectrally Accurate Approximation to Subdiffusion Equations Using the Log Orthogonal Functions
2020,10.1137/20m1327926,https://epubs.siam.org/doi/10.1137/20m1327926,Baoshan Wang,0000-0001-7203-9703,,Fifth-Order A-WENO Finite-Difference Schemes Based on a New Adaptive Diffusion Central Numerical Flux
2020,10.1137/18m1227275,https://epubs.siam.org/doi/10.1137/18m1227275,Bernhard Endtmayer,0000-0003-0647-7371,,Two-Side a Posteriori Error Estimates for the Dual-Weighted Residual Method
2020,10.1137/19m1293533,https://epubs.siam.org/doi/10.1137/19m1293533,Md. Abdullah Al Mahbub,0000-0002-5821-842X,,A Coupled Multiphysics Model and a Decoupled Stabilized Finite Element Method for the Closed-Loop Geothermal System
2020,10.1137/19m1301266,https://epubs.siam.org/doi/10.1137/19m1301266,Ashok Das,0000-0001-7510-0194,,On the Approximate Solution and Modeling of the Kernel of Nonlinear Breakage Population Balance Equation
2020,10.1137/19m1259535,https://epubs.siam.org/doi/10.1137/19m1259535,Felipe Lepe,0000-0002-7929-9572,,Symmetric and Nonsymmetric Discontinuous Galerkin Methods for a Pseudostress Formulation of the Stokes Spectral Problem
2020,10.1137/19m1289613,https://epubs.siam.org/doi/10.1137/19m1289613,Shu‐Lin Wu,0000-0002-4301-3018,,A Parallel-In-Time Block-Circulant Preconditioner for Optimal Control of Wave Equations
2020,10.1137/18m119032x,https://epubs.siam.org/doi/10.1137/18m119032x,Shu-sheng Chen,0000-0002-9541-9765,,HLLC+: Low-Mach Shock-Stable HLLC-Type Riemann Solver for All-Speed Flows
2020,10.1137/18m1206461,https://epubs.siam.org/doi/10.1137/18m1206461,Ceren Gürkan,0000-0002-1240-5801,,Stabilized Cut Discontinuous Galerkin Methods for Advection-Reaction Problems
2020,10.1137/19m1271117,https://epubs.siam.org/doi/10.1137/19m1271117,Tonghua Tian,0000-0003-1575-8781,,Ground States of Spin-$F$ Bose--Einstein Condensates
2020,10.1137/19m1291030,https://epubs.siam.org/doi/10.1137/19m1291030,Baiying Dong,,,An FE-FD Method for Anisotropic Elliptic Interface Problems
2020,10.1137/19m1297099,https://epubs.siam.org/doi/10.1137/19m1297099,Dexuan Xie,0000-0002-7072-6275,,An Effective Finite Element Iterative Solver for a Poisson--Nernst--Planck Ion Channel Model with Periodic Boundary Cond
2020,10.1137/18m1166626,https://epubs.siam.org/doi/10.1137/18m1166626,Jianfeng Lu,0000-0001-6255-5165,,The Full Configuration Interaction Quantum Monte Carlo Method through the Lens of Inexact Power Iteration
2020,10.1137/18m1235405,https://epubs.siam.org/doi/10.1137/18m1235405,Ruihan Guo,0000-0002-1687-5907,,High Order Numerical Simulations for the Binary Fluid--Surfactant System Using the Discontinuous Galerkin and Spectral D
2020,10.1137/19m1269269,https://epubs.siam.org/doi/10.1137/19m1269269,Sergey Petropavlovsky,,,Numerical Solution of 3D Exterior Unsteady Wave Propagation Problems Using Boundary Operators
2020,10.1137/18m1182528,https://epubs.siam.org/doi/10.1137/18m1182528,Sophie Moufawad,0000-0002-5618-6890,,s-Step Enlarged Krylov Subspace Conjugate Gradient Methods
2020,10.1137/20m1314690,https://epubs.siam.org/doi/10.1137/20m1314690,Yunchang Seol,0000-0002-7286-4217,,Spectrally Accurate Algorithm for Points Redistribution on Closed Curves
2020,10.1137/19m1278016,https://epubs.siam.org/doi/10.1137/19m1278016,Lina Zhao,0000-0002-9606-8231,,A Staggered Cell-Centered DG Method for Linear Elasticity on Polygonal Meshes
2020,10.1137/19m1241611,https://epubs.siam.org/doi/10.1137/19m1241611,Habeeb Syed,0000-0003-4856-3825,,Block Preconditioning Techniques for Geophysical Electromagnetics
2020,10.1137/19m1249138,https://epubs.siam.org/doi/10.1137/19m1249138,Wenwu Gao,0000-0002-6381-3557,,Multivariate Monte Carlo Approximation Based on Scattered Data
2020,10.1137/19m125710x,https://epubs.siam.org/doi/10.1137/19m125710x,Yunzhang Li,0000-0002-9232-7144,,A Discontinuous Galerkin Method for Stochastic Conservation Laws
2020,10.1137/19m1260773,https://epubs.siam.org/doi/10.1137/19m1260773,Francesca Boso,0000-0002-9066-0736,,Data-Informed Method of Distributions for Hyperbolic Conservation Laws
2020,10.1137/19m124993x,https://epubs.siam.org/doi/10.1137/19m124993x,Terry Haut,0000-0001-6505-1472,,Diffusion Synthetic Acceleration Preconditioning for Discontinuous Galerkin Discretizations of $S_N$ Transport on High-O
2020,10.1137/20m1322170,https://epubs.siam.org/doi/10.1137/20m1322170,Dohyun Kim,0000-0001-9892-0611,Yonsei University,Staggered DG Methods for the Pseudostress-Velocity Formulation of the Stokes Equations on General Meshes
2020,10.1137/19m1287614,https://epubs.siam.org/doi/10.1137/19m1287614,Luca Desiderio,0000-0002-3924-0939,,Efficient Solution of Two-Dimensional Wave Propagation Problems by CQ-Wavelet BEM: Algorithm and Applications
2020,10.1137/19m1282040,https://epubs.siam.org/doi/10.1137/19m1282040,Field G. Zee,0009-0007-2498-9430,,Implementing High-Performance Complex Matrix Multiplication via the 1M Method
2020,10.1137/19m1307184,https://epubs.siam.org/doi/10.1137/19m1307184,Li Luo,0000-0002-3123-9132,Chinese Academy of Sciences,A Multilayer Nonlinear Elimination Preconditioned Inexact Newton Method for Steady-State Incompressible Flow Problems in
2020,10.1137/19m1259456,https://epubs.siam.org/doi/10.1137/19m1259456,J. Jacangelo,,,Galerkin Differences for High-Order Partial Differential Equations
2020,10.1137/19m1258098,https://epubs.siam.org/doi/10.1137/19m1258098,Xin Liu,0000-0001-8069-5129,,Moving-Water Equilibria Preserving Partial Relaxation Scheme for the Saint-Venant System
2020,10.1137/18m1225963,https://epubs.siam.org/doi/10.1137/18m1225963,Iain Duff,,,A New Sparse $LDL^T$ Solver Using A Posteriori Threshold Pivoting
2020,10.1137/19m1262358,https://epubs.siam.org/doi/10.1137/19m1262358,Boxi Xu,0000-0001-5150-6413,,Efficient Algorithms for Computing Multidimensional Integral Fractional Laplacians via Spherical Means
2020,10.1137/19m1252855,https://epubs.siam.org/doi/10.1137/19m1252855,Xin Xing,0000-0001-9456-1754,,Fast Coulomb Matrix Construction via Compressing the Interactions Between Continuous Charge Distributions
2020,10.1137/19m128822x,https://epubs.siam.org/doi/10.1137/19m128822x,Julian Valentin,,,Gradient-Based Two-Scale Topology Optimization With B-Splines on Sparse Grids
2020,10.1137/19m1262486,https://epubs.siam.org/doi/10.1137/19m1262486,Qiuqi Li,0009-0001-8072-3182,,A Variable-Separation Method for Nonlinear Partial Differential Equations With Random Inputs
2020,10.1137/19m1288401,https://epubs.siam.org/doi/10.1137/19m1288401,Doru Thom Popovici,0000-0002-7271-8092,,A Flexible Framework for Multidimensional DFTs
2020,10.1137/19m1245608,https://epubs.siam.org/doi/10.1137/19m1245608,Xinyu He,0000-0002-2519-7650,Princeton University,Optimal Learning with Local Nonlinear Parametric Models over Continuous Designs
2020,10.1137/20m1316317,https://epubs.siam.org/doi/10.1137/20m1316317,Fayçal Chaouqui,,,A Continuous Analysis of Neumann--Neumann Methods: Scalability and New Coarse Spaces
2020,10.1137/19m1249060,https://epubs.siam.org/doi/10.1137/19m1249060,Fande Kong,,,A Highly Parallel Multilevel Newton--Krylov--Schwarz Method with Subspace-Based Coarsening and Partition-Based Balancing
2020,10.1137/18m1224684,https://epubs.siam.org/doi/10.1137/18m1224684,Kurt A. O’Hearn,,,Fast Solvers for Charge Distribution Models on Shared Memory Platforms
2020,10.1137/19m1280004,https://epubs.siam.org/doi/10.1137/19m1280004,Vassilis Kalantzis,0000-0002-4614-6422,,A Domain Decomposition Rayleigh--Ritz Algorithm for Symmetric Generalized Eigenvalue Problems
2020,10.1137/19m1262590,https://epubs.siam.org/doi/10.1137/19m1262590,Xin Liu,0000-0001-8069-5129,,A Well-Balanced Asymptotic Preserving Scheme for the Two-Dimensional Shallow Water Equations Over Irregular Bottom Topog
2020,10.1137/19m1299487,https://epubs.siam.org/doi/10.1137/19m1299487,Michael V. Klibanov,0000-0001-5179-6879,,Numerical Solution of a Linearized Travel Time Tomography Problem With Incomplete Data
2020,10.1137/18m1234011,https://epubs.siam.org/doi/10.1137/18m1234011,Thierry Goudon,,,Fokker--Planck Approach of Ostwald Ripening: Simulation of a Modified Lifshitz--Slyozov--Wagner System with a Diffusive 
2020,10.1137/19m1308542,https://epubs.siam.org/doi/10.1137/19m1308542,Jin Zhao,0000-0001-6135-2518,,Vector-Type Boundary Schemes for the Lattice Boltzmann Method Based on Vector-BGK Models
2020,10.1137/19m1243828,https://epubs.siam.org/doi/10.1137/19m1243828,Guoqiang Wang,0000-0003-2979-3510,,An Efficient Proximal Block Coordinate Homotopy Method for Large-Scale Sparse Least Squares Problems
2020,10.1137/19m1259936,https://epubs.siam.org/doi/10.1137/19m1259936,Dimitar K. Dimitrov,0000-0002-3078-2336,,An Efficient Algorithm for the Classical Least Squares Approximation
2020,10.1137/19m1259444,https://epubs.siam.org/doi/10.1137/19m1259444,Yongfeng Li,0000-0002-9725-0692,,Low-Rank Matrix Iteration Using Polynomial-Filtered Subspace Extraction
2020,10.1137/18m1224623,https://epubs.siam.org/doi/10.1137/18m1224623,Xiao Liu,0000-0003-4510-2847,,Fast Factorization Update for General Elliptic Equations Under Multiple Coefficient Updates
2020,10.1137/19m1245104,https://epubs.siam.org/doi/10.1137/19m1245104,Ricardo Delgadillo,,,A Spectral Algorithm for the Time-Dependent Kohn--Sham Equations: Accurately Treating External Potentials Based on Froze
2020,,https://epubs.siam.org/doi/,Jeffrey M. Hokanson,0000-0003-3059-5298,,"A null-space approach for symmetric saddle point systems with a non zero (2,2) block"
2020,10.1137/19m1238265,https://epubs.siam.org/doi/10.1137/19m1238265,Ron Estrin,0000-0001-7576-7394,,Implementing a Smooth Exact Penalty Function for Equality-Constrained Nonlinear Optimization
2020,10.1137/19m1281812,https://epubs.siam.org/doi/10.1137/19m1281812,Hanz Martin Cheng,0000-0002-2481-4995,Eindhoven University of Technology,An Efficient Implementation of Mass Conserving Characteristic-Based Schemes in Two and Three Dimensions
2020,,https://epubs.siam.org/doi/,Jeffrey M. Hokanson,0000-0003-3059-5298,,ℋ 2 -Optimal Model Reduction Using Projected Nonlinear Least Squares.
2020,,https://epubs.siam.org/doi/,Jeffrey M. Hokanson,0000-0003-3059-5298,,Iteratively Reweighted FGMRES and FLSQR
2021,10.1137/20m1318043,https://epubs.siam.org/doi/10.1137/20m1318043,Sifan Wang,0000-0002-7721-6884,,Understanding and Mitigating Gradient Flow Pathologies in Physics-Informed Neural Networks
2021,10.1137/20m1336734,https://epubs.siam.org/doi/10.1137/20m1336734,Xiaofeng Yang,0000-0001-7382-3006,,"On a Novel Fully Decoupled, Second-Order Accurate Energy Stable Numerical Scheme for a Binary Fluid-Surfactant Phase-Fie"
2021,10.1137/20m1352235,https://epubs.siam.org/doi/10.1137/20m1352235,Zhong‐Zhi Bai,,,On Greedy Randomized Augmented Kaczmarz Method for Solving Large Sparse Inconsistent Linear Systems
2021,10.1137/19m1288280,https://epubs.siam.org/doi/10.1137/19m1288280,Guodong Zhang,0000-0002-4310-6097,,"Decoupled, Linear, and Unconditionally Energy Stable Fully Discrete Finite Element Numerical Scheme for a Two-Phase Ferr"
2021,10.1137/20m1365417,https://epubs.siam.org/doi/10.1137/20m1365417,Fukeng Huang,0000-0003-3644-268X,,Bound/Positivity Preserving and Energy Stable Scalar auxiliary Variable Schemes for Dissipative Systems: Applications to
2021,10.1137/20m1328002,https://epubs.siam.org/doi/10.1137/20m1328002,Wei Liu,0000-0002-2926-2667,,Normalized Gradient Flow with Lagrange Multiplier for Computing Ground States of Bose--Einstein Condensates
2021,10.1137/20m1345153,https://epubs.siam.org/doi/10.1137/20m1345153,Yiqi Gu,0000-0002-4341-8509,,An Efficient Spectral Method for Elliptic PDEs in Complex Domains with Circular Embedding
2021,10.1137/20m1364679,https://epubs.siam.org/doi/10.1137/20m1364679,Nan Jiang,0000-0002-1080-258X,,Stabilized Scalar Auxiliary Variable Ensemble Algorithms for Parameterized Flow Problems
2021,10.1137/19m1258153,https://epubs.siam.org/doi/10.1137/19m1258153,Victor DeCaria,0000-0002-2045-7337,,"A Variable Stepsize, Variable Order Family of Low Complexity"
2021,10.1137/20m132938x,https://epubs.siam.org/doi/10.1137/20m132938x,Wei Bian,0000-0003-4252-047X,North Carolina State University,Anderson Acceleration for a Class of Nonsmooth Fixed-Point Problems
2021,10.1137/20m1347887,https://epubs.siam.org/doi/10.1137/20m1347887,David Mora,0000-0002-2755-3188,,Virtual Elements for the Transmission Eigenvalue Problem on Polytopal Meshes
2021,10.1137/20m1344652,https://epubs.siam.org/doi/10.1137/20m1344652,Li Luo,0000-0002-3123-9132,King Abdullah University of Science and Technology,Nonlinear Preconditioning Strategies for Two-Phase Flows in Porous Media Discretized by a Fully Implicit Discontinuous G
2021,10.1137/20m1385755,https://epubs.siam.org/doi/10.1137/20m1385755,Khosro Shahbazi,0000-0002-5571-7223,,Positivity Preservation of a First-Order Scheme for a Quasi-Conservative Compressible Two-Material Model
2021,10.1137/20m1331585,https://epubs.siam.org/doi/10.1137/20m1331585,Xiu Yang,0000-0003-0882-2650,,Physics Information Aided Kriging using Stochastic Simulation Models
2021,10.1137/20m1386268,https://epubs.siam.org/doi/10.1137/20m1386268,Anyastassia Seboldt,,,Numerical Modeling of the Fluid-Porohyperelastic Structure Interaction
2021,10.1137/20m1382982,https://epubs.siam.org/doi/10.1137/20m1382982,Shimin Guo,0000-0002-6954-2647,,IMEX Hermite--Galerkin Spectral Schemes with Adaptive Time Stepping for the Coupled Nonlocal Gordon-Type Systems in Mult
2021,10.1137/20m1318055,https://epubs.siam.org/doi/10.1137/20m1318055,Byeongseon Jeong,0000-0002-7836-7166,,Approximation of Multivariate Functions on Sparse Grids By Kernel-Based Quasi-Interpolation
2021,10.1137/20m1343956,https://epubs.siam.org/doi/10.1137/20m1343956,Hongpeng Sun,0000-0001-5283-4865,,Efficient and Convergent Preconditioned ADMM for the Potts Models
2021,10.1137/20m1383835,https://epubs.siam.org/doi/10.1137/20m1383835,Valentin Duruisseaux,0000-0002-8550-3058,,Adaptive Hamiltonian Variational Integrators and Applications to Symplectic Accelerated Optimization
2021,10.1137/20m1328580,https://epubs.siam.org/doi/10.1137/20m1328580,Xiaolong Li,0000-0002-0932-8374,,Fourier-Cosine Method for Finite-Time Gerber--Shiu Functions
2021,10.1137/20m1375383,https://epubs.siam.org/doi/10.1137/20m1375383,Mike A. Botchev,,,Residual and Restarting in Krylov Subspace Evaluation of the $\varphi$ Function
2021,10.1137/19m1280065,https://epubs.siam.org/doi/10.1137/19m1280065,Chaojun Zhang,0000-0002-8195-9322,,Efficient Importance Sampling in Quasi-Monte Carlo Methods for Computational Finance
2021,10.1137/20m1363273,https://epubs.siam.org/doi/10.1137/20m1363273,Nanyi Zheng,0000-0001-8347-9536,,A Conservative Semi-Lagrangian Hybrid Hermite WENO Scheme for Linear Transport Equations and the Nonlinear Vlasov--Poiss
2021,10.1137/20m1350753,https://epubs.siam.org/doi/10.1137/20m1350753,Huoyuan Duan,0000-0002-9867-3865,,Mixed Finite Element Method with Gauss's Law Enforced for the Maxwell Eigenproblem
2021,10.1137/19m1280156,https://epubs.siam.org/doi/10.1137/19m1280156,Maxim Rakhuba,0000-0001-7606-7322,,Robust Alternating Direction Implicit Solver in Quantized Tensor Formats for a Three-Dimensional Elliptic PDE
2021,10.1137/20m1336515,https://epubs.siam.org/doi/10.1137/20m1336515,Jamie Fox,0000-0001-9038-2361,,Polynomial Chaos as a Control Variate Method
2021,10.1137/20m1344081,https://epubs.siam.org/doi/10.1137/20m1344081,Hongqiang Zhu,0000-0003-1471-4509,,A New Troubled-Cell Indicator for Discontinuous Galerkin Methods Using K-Means Clustering
2021,10.1137/20m1364643,https://epubs.siam.org/doi/10.1137/20m1364643,Sheng Fang,0009-0002-1078-2184,,Efficient Sparse Hessian-Based Semismooth Newton Algorithms for Dantzig Selector
2021,10.1137/20m1333407,https://epubs.siam.org/doi/10.1137/20m1333407,Vahid Keshavarzzadeh,0000-0001-6685-9158,,Multilevel Designed Quadrature for Partial Differential Equations with Random Inputs
2021,10.1137/20m1321930,https://epubs.siam.org/doi/10.1137/20m1321930,Yuanpeng Zhu,0000-0001-8682-6089,,A Novel Recursive Modification Framework for Enhancing Polynomial Reproduction Property of Interpolation Basis Functions
2021,10.1137/20m1325885,https://epubs.siam.org/doi/10.1137/20m1325885,Michael Obersteiner,0000-0001-6981-2769,,A Generalized Spatially Adaptive Sparse Grid Combination Technique with Dimension-wise Refinement
2021,10.1137/20m1328671,https://epubs.siam.org/doi/10.1137/20m1328671,Jeffrey W. Banks,0000-0001-6413-5113,,Discontinuous Galerkin Galerkin Differences for the Wave Equation in Second-Order Form
2021,10.1137/20m1333018,https://epubs.siam.org/doi/10.1137/20m1333018,Mark Ainsworth,0000-0002-4899-1048,,Preconditioning the Mass Matrix for High Order Finite Element Approximation on Tetrahedra
2021,10.1137/20m1336059,https://epubs.siam.org/doi/10.1137/20m1336059,Moody T. Chu,0000-0001-8544-3588,,Nonlinear Power-Like and SVD-Like Iterative Schemes with Applications to Entangled Bipartite Rank-1 Approximation
2021,10.1137/20m1349540,https://epubs.siam.org/doi/10.1137/20m1349540,Jianlin Xia,0000-0002-9653-9312,,Robust and Effective eSIF Preconditioning for General Dense SPD Matrices
2021,10.1137/20m1349072,https://epubs.siam.org/doi/10.1137/20m1349072,Chengyu Ke,,,Iteratively Reweighted Group Lasso Based on Log-Composite Regularization
2021,10.1137/20m1364357,https://epubs.siam.org/doi/10.1137/20m1364357,Xi–Yuan Yin,0000-0003-0542-020X,McGill University,A Diffusion-Driven Characteristic Mapping Method for Particle Management
2021,10.1137/20m1344561,https://epubs.siam.org/doi/10.1137/20m1344561,Navjot Singh,0000-0003-0360-2915,,Comparison of Accuracy and Scalability of Gauss--Newton and Alternating Least Squares for CANDECOMC/PARAFAC Decompositio
2021,10.1137/20m1349217,https://epubs.siam.org/doi/10.1137/20m1349217,Vassilis Kalantzis,0000-0002-4614-6422,,Fast Randomized Non-Hermitian Eigensolvers Based on Rational Filtering and Matrix Partitioning
2021,10.1137/19m1300844,https://epubs.siam.org/doi/10.1137/19m1300844,Daniel Agress,0000-0001-9308-6322,,The Smooth Extension Embedding Method
2021,10.1137/20m131504x,https://epubs.siam.org/doi/10.1137/20m131504x,Mario Annunziato,,,A Fokker--Planck Approach to the Reconstruction of a Cell Membrane Potential
2021,10.1137/19m1302351,https://epubs.siam.org/doi/10.1137/19m1302351,Christian Glusa,0000-0003-2247-1914,Sandia National Laboratories California,A Fast Solver for the Fractional Helmholtz Equation
2021,10.1137/20m1346225,https://epubs.siam.org/doi/10.1137/20m1346225,José Querales,0009-0004-4229-9810,,Numerical Approximation of the Displacement Formulation of the Axisymmetric Acoustic Vibration Problem
2021,10.1137/19m1285044,https://epubs.siam.org/doi/10.1137/19m1285044,Lulu Liu,0000-0002-0357-1322,Nanjing University of Science and Technology,Approximate Error Bounds on Solutions of Nonlinearly Preconditioned PDEs
2021,10.1137/20m1353691,https://epubs.siam.org/doi/10.1137/20m1353691,Lei‐Hong Zhang,0000-0001-5349-8621,,A Structure-Exploiting Nested Lanczos-Type Iteration for the Multiview Canonical Correlation Analysis
2021,10.1137/20m1348261,https://epubs.siam.org/doi/10.1137/20m1348261,Andrei Dumitraşc,0000-0002-2427-196X,,Extensions of the Augmented Block Cimmino Method to the Solution of Full Rank Rectangular Systems
2021,10.1137/20m1311053,https://epubs.siam.org/doi/10.1137/20m1311053,Abhijit Ghosh,0000-0002-5403-5765,,A Parallel Cyclic Reduction Algorithm for Pentadiagonal Systems with Application to a Convection-Dominated Heston PDE
2021,10.1137/20m1372020,https://epubs.siam.org/doi/10.1137/20m1372020,Xavier Emery,0000-0003-0396-5038,,Covariance Models and Simulation Algorithm for Stationary Vector Random Fields on Spheres Crossed with Euclidean Spaces
2021,10.1137/20m1335480,https://epubs.siam.org/doi/10.1137/20m1335480,Yifei Wang,0000-0001-9289-6753,,Search Direction Correction with Normalized Gradient Makes First-Order Methods Faster
2021,10.1137/20m1349163,https://epubs.siam.org/doi/10.1137/20m1349163,Xiaoliang Wan,,,A Minimum Action Method for Dynamical Systems with Constant Time Delays
2021,10.1137/20m1344834,https://epubs.siam.org/doi/10.1137/20m1344834,James Baglama,0000-0001-7312-6374,,Hybrid Iterative Refined Method for Computing a Few Extreme Eigenpairs of a Symmetric Matrix
2021,10.1137/19m1308384,https://epubs.siam.org/doi/10.1137/19m1308384,Christian Krumnow,0000-0001-9556-8501,,Computing Eigenspaces With Low Rank Constraints
2021,10.1137/20m1356300,https://epubs.siam.org/doi/10.1137/20m1356300,Jörg Ostrowski,0009-0003-6237-6468,,Frequency-Stable Full Maxwell in Electro-quasistatic Gauge
2021,10.1137/19m128363x,https://epubs.siam.org/doi/10.1137/19m128363x,Jiao Li,0000-0003-2903-6536,,An $h$-Box Method for Shallow Water Equations Including Barriers
2021,10.1137/20m1350716,https://epubs.siam.org/doi/10.1137/20m1350716,Alexander Konschin,0000-0002-6273-3993,,Numerical Scheme for Electromagnetic Scattering on Perturbed Periodic Inhomogeneous Media and Reconstruction of the Pert
2021,10.1137/20m1345876,https://epubs.siam.org/doi/10.1137/20m1345876,Huda Nassar,0000-0003-2909-5202,,Scalable Algorithms for Multiple Network Alignment
2021,10.1137/19m1291753,https://epubs.siam.org/doi/10.1137/19m1291753,Daniela di Serafino,0000-0001-8215-0771,,Constraint-Preconditioned Krylov Solvers for Regularized Saddle-Point Systems
2021,10.1137/19m1282581,https://epubs.siam.org/doi/10.1137/19m1282581,Hossein Mahmoodi Darian,0000-0002-6063-3235,,Investigation of C++ Variadic Templates for Numerical Methods and Finite Difference Schemes
2021,10.1137/19m1278958,https://epubs.siam.org/doi/10.1137/19m1278958,Firat Cakir,,,A High Order Finite Difference Weighted Essentially NonOscillatory Scheme with a Kernel-Based Constrained Transport Meth
2021,10.1137/21n97531x,https://epubs.siam.org/doi/10.1137/21n97531x,Tom Manteuffel,,Scuola Normale Superiore,Special Section: 2020 Copper Mountain Conference
2022,10.1137/20m1315993,https://epubs.siam.org/doi/10.1137/20m1315993,Ryan H. Vogt,0000-0002-1485-9735,,A Mixed-Integer PDE-Constrained Optimization Formulation for Electromagnetic Cloaking
2022,10.1137/21m1401048,https://epubs.siam.org/doi/10.1137/21m1401048,Qinglin Tang,0009-0006-7574-8023,,A Spectrally Accurate Numerical Method for Computing the Bogoliubov--de Gennes Excitations of Dipolar Bose--Einstein Con
2022,10.1137/21m140835x,https://epubs.siam.org/doi/10.1137/21m140835x,Yong Liu,0000-0003-1385-0170,,An Essentially Oscillation-Free Discontinuous Galerkin Method for Hyperbolic Systems
2022,10.1137/20m1377072,https://epubs.siam.org/doi/10.1137/20m1377072,Quanjun Lang,,,Learning Interaction Kernels in Mean-Field Equations of First-Order Systems of Interacting Particles
2022,10.1137/20m1383380,https://epubs.siam.org/doi/10.1137/20m1383380,Ziqing Xie,,,On Solving Semilinear Singularly Perturbed Neumann Problems for Multiple Solutions
2022,10.1137/21m1414644,https://epubs.siam.org/doi/10.1137/21m1414644,Sumin Hong,0000-0002-3321-2072,,MG-FIM: A Multi-GPU Fast Iterative Method Using Adaptive Domain Decomposition
2022,10.1137/21m1411603,https://epubs.siam.org/doi/10.1137/21m1411603,Tugba Torun,0000-0001-6790-7094,,Partitioning and Reordering for Spike-Based Distributed-Memory Parallel Gauss--Seidel
2022,10.1137/20m1345980,https://epubs.siam.org/doi/10.1137/20m1345980,Wei Wang,0000-0003-4741-2267,,Spectral Element Methods for Eigenvalue Problems Based on Domain Decomposition
2022,10.1137/20m1381472,https://epubs.siam.org/doi/10.1137/20m1381472,Virginie Ehrlacher,0000-0001-6540-4784,CERMICS,SOTT: Greedy Approximation of a Tensor as a Sum of Tensor Trains
2022,10.1137/20m136801x,https://epubs.siam.org/doi/10.1137/20m136801x,Min Tao,0000-0003-4750-2959,,Minimization of $L_1$ Over $L_2$ for Sparse Signal Recovery with Convergence Guarantee
2022,10.1137/21m1418319,https://epubs.siam.org/doi/10.1137/21m1418319,Qiaohua Liu,0000-0001-7871-6314,,Randomized Quaternion Singular Value Decomposition for Low-Rank Matrix Approximation
2022,10.1137/20m1382519,https://epubs.siam.org/doi/10.1137/20m1382519,Mark Ainsworth,0000-0002-4899-1048,,A Systematic Approach to Constructing Preconditioners for the $hp$-Version Mass Matrix on Unstructured and Hybrid Finite
2022,10.1137/21m1432545,https://epubs.siam.org/doi/10.1137/21m1432545,Wenjie Shi,0000-0003-2750-9029,,Polynomial Chaos Expansions for Stiff Random ODEs
2022,10.1137/21m1390591,https://epubs.siam.org/doi/10.1137/21m1390591,Meng Liu,0000-0002-3519-7339,,The Sampling Method for Inverse Exterior Stokes Problems
2022,10.1137/21m1412475,https://epubs.siam.org/doi/10.1137/21m1412475,Lijie Mei,0000-0002-9088-0093,,Energy-Preserving Continuous-Stage Exponential Runge--Kutta Integrators for Efficiently Solving Hamiltonian Systems
2022,10.1137/21m1408579,https://epubs.siam.org/doi/10.1137/21m1408579,Pablo D. Brubeck,0000-0002-3824-0080,,Lightning Stokes Solver
2022,10.1137/21m140314x,https://epubs.siam.org/doi/10.1137/21m140314x,Christina Paulin,,,Doubly Monotonic Constraint on Interpolators: Bridging Second-Order to Singularity Preservation to Cancel “Numerical Wet
2022,10.1137/21m1439122,https://epubs.siam.org/doi/10.1137/21m1439122,Jiaxiang Cai,0000-0002-5162-6519,,Compact Exponential Conservative Approaches for the Schrödinger Equation in the Semiclassical Regimes
2022,10.1137/21m1418964,https://epubs.siam.org/doi/10.1137/21m1418964,Stephen Metcalfe,0000-0002-9076-3508,,Conditional A Posteriori Error Bounds for High Order Discontinuous Galerkin Time Stepping Approximations of Semilinear H
2022,10.1137/21m1432739,https://epubs.siam.org/doi/10.1137/21m1432739,Ruda Zhang,0000-0002-2899-1008,,Gaussian Process Subspace Prediction for Model Reduction
2022,10.1137/21m1416138,https://epubs.siam.org/doi/10.1137/21m1416138,Lulu Liu,0000-0002-0357-1322,University of Macau,A Nonlinear Elimination Preconditioned Inexact Newton Algorithm
2022,10.1137/21m141703x,https://epubs.siam.org/doi/10.1137/21m141703x,Tan Bui–Thanh,0000-0003-3002-6474,,Bridging and Improving Theoretical and Computational Electrical Impedance Tomography via Data Completion
2022,10.1137/21m141573x,https://epubs.siam.org/doi/10.1137/21m141573x,Alexander Kurganov,0000-0003-0231-986X,,A Well-Balanced Asymptotic Preserving Scheme for the Two-Dimensional Rotating Shallow Water Equations with Nonflat Botto
2022,10.1137/21m1392231,https://epubs.siam.org/doi/10.1137/21m1392231,Aryan Eftekhari,0000-0002-3381-1438,,High-Dimensional Dynamic Stochastic Model Representation
2022,10.1137/21m1446459,https://epubs.siam.org/doi/10.1137/21m1446459,Zhenyue Zhang,0000-0002-2485-7004,,Graph Refinement via Simultaneously Low-Rank and Sparse Approximation
2022,10.1137/21m1454237,https://epubs.siam.org/doi/10.1137/21m1454237,Zihao Yang,,,An Efficient MultiModes Monte Carlo Homogenization Method for Random Materials
2022,10.1137/20m1374328,https://epubs.siam.org/doi/10.1137/20m1374328,Guoqiang Wang,0000-0003-2979-3510,,An Iterative Reduction FISTA Algorithm for Large-Scale LASSO
2022,10.1137/21m1405733,https://epubs.siam.org/doi/10.1137/21m1405733,Reza MohammadiArani,,,Proper Orthogonal Decomposition--Lattice Boltzmann Method: Simulating the Air Pollutant Problem in Street Canyon Areas
2022,10.1137/21m1456753,https://epubs.siam.org/doi/10.1137/21m1456753,Xiaofeng Cai,0000-0001-7438-7429,,Eulerian--Lagrangian Runge--Kutta Discontinuous Galerkin Method for Transport Simulations on Unstructured Meshes
2022,10.1137/21m1457448,https://epubs.siam.org/doi/10.1137/21m1457448,Kyongmin Yeo,0000-0002-9698-5101,,Generative Adversarial Network for Probabilistic Forecast of Random Dynamical Systems
2022,10.1137/21m1433514,https://epubs.siam.org/doi/10.1137/21m1433514,Yael Azulay,,Ben-Gurion University of the Negev,Multigrid-Augmented Deep Learning Preconditioners for the Helmholtz Equation
2022,10.1137/21m1444497,https://epubs.siam.org/doi/10.1137/21m1444497,Jian Cheng,0000-0002-8265-2381,,A Bound-Preserving and Positivity-Preserving Path-Conservative Discontinuous Galerkin Method for Solving Five-Equation M
2022,10.1137/21m1417223,https://epubs.siam.org/doi/10.1137/21m1417223,Yingzhi Liu,0000-0001-9962-7310,,New Optimized Robin--Robin Domain Decomposition Methods using Krylov Solvers for the Stokes--Darcy System
2022,10.1137/21m1458594,https://epubs.siam.org/doi/10.1137/21m1458594,Candan Güdücü,,Technische Universität Berlin,On Non-Hermitian Positive (Semi)Definite Linear Algebraic Systems Arising from Dissipative Hamiltonian DAEs
2022,10.1137/21m1444461,https://epubs.siam.org/doi/10.1137/21m1444461,Jisheng Kou,0000-0003-0986-5900,,Energy Stable and Mass Conservative Numerical Method for Gas Flow in Porous Media with Rock Compressibility
2022,10.1137/21m1457400,https://epubs.siam.org/doi/10.1137/21m1457400,Wei Gong,0000-0003-3251-8771,,Improved Discrete Boundary Type Shape Gradients for PDE-constrained Shape Optimization
2022,10.1137/21m1436981,https://epubs.siam.org/doi/10.1137/21m1436981,Zhengjie Sun,0000-0002-9138-1173,Nanjing University of Science and Technology,A Kernel-Based Meshless Conservative Galerkin Method for Solving Hamiltonian Wave Equations
2022,10.1137/21m1435343,https://epubs.siam.org/doi/10.1137/21m1435343,Gabriele Boncoraglio,0000-0002-7972-5914,,Piecewise-Global Nonlinear Model Order Reduction for PDE-Constrained Optimization in High-Dimensional Parameter Spaces
2022,10.1137/21m1421398,https://epubs.siam.org/doi/10.1137/21m1421398,Xiaocong Xu,0000-0001-7154-859X,,UGKS-Based Implicit Iterative Method for Multiscale Nonequilibrium Flow Simulations
2022,10.1137/21m1452020,https://epubs.siam.org/doi/10.1137/21m1452020,Qifeng Zhang,0000-0002-2742-2188,,Linearly Implicit Invariant-Preserving Decoupled Difference Scheme For The Rotation-Two-Component Camassa--Holm System
2022,10.1137/21m1435793,https://epubs.siam.org/doi/10.1137/21m1435793,Chang-En Du,,,Newton--Noda Iteration for Computing the Ground States of Nonlinear Schrödinger Equations
2022,10.1137/21m1460764,https://epubs.siam.org/doi/10.1137/21m1460764,Mark Ainsworth,0000-0002-4899-1048,,Active Neuron Least Squares: A Training Method for Multivariate Rectified Neural Networks
2022,10.1137/21m1462696,https://epubs.siam.org/doi/10.1137/21m1462696,Jun Liu,0000-0003-1904-2350,,Parallel-in-time preconditioner for the Sinc-Nyström systems
2022,10.1137/21m1434611,https://epubs.siam.org/doi/10.1137/21m1434611,Nedialko S. Nedialkov,0000-0001-8697-4428,,"An Energy-Based, Always Index $\leq$ 1 and Structurally Amenable Electrical Circuit Model"
2022,10.1137/21m1445600,https://epubs.siam.org/doi/10.1137/21m1445600,Zhennan Zhou,0000-0003-4822-0275,Peking University,A Structure Preserving Numerical Scheme for Fokker--Planck Equations of Structured Neural Networks with Learning Rules
2022,10.1137/20m1350790,https://epubs.siam.org/doi/10.1137/20m1350790,Stephan Dahlke,0000-0003-0168-7257,,A Wavelet-Based Approach for the Simulation and Optimal Control of NonLocal Operator Equations
2022,10.1137/21m1403722,https://epubs.siam.org/doi/10.1137/21m1403722,Ioannis Toulopoulos,0000-0002-3899-0594,,Numerical Solutions of Quasilinear Parabolic Problems by a Continuous Space-Time Finite Element Scheme
2022,10.1137/21m1438633,https://epubs.siam.org/doi/10.1137/21m1438633,Xiaofeng Ou,,,SuperDC: Superfast Divide-And-Conquer Eigenvalue Decomposition With Improved Stability for Rank-Structured Matrices
2022,10.1137/21m1450823,https://epubs.siam.org/doi/10.1137/21m1450823,Jian Dong,0000-0002-8665-6902,,Well-Balanced and Positivity-Preserving Surface Reconstruction Schemes Solving Ripa Systems With Nonflat Bottom Topograp
2022,10.1137/22m1478458,https://epubs.siam.org/doi/10.1137/22m1478458,Cuiyang Ding,,,A Parallel Iterative Probabilistic Method for Mixed Problems of Laplace Equations with the Feynman--Kac Formula of Kille
2022,10.1137/22m147952x,https://epubs.siam.org/doi/10.1137/22m147952x,Boyang Ye,,,Hamiltonian-Preserving Discontinuous Galerkin Methods for the Liouville Equation With Discontinuous Potential
2022,10.1137/21m145611x,https://epubs.siam.org/doi/10.1137/21m145611x,Xindi Hu,0000-0001-5618-0571,,On Geometric Inverse Problems in Time-Fractional Subdiffusion
2022,10.1137/21m1463720,https://epubs.siam.org/doi/10.1137/21m1463720,Shijin Hou,,,Fast $L^2$ Optimal Mass Transport via Reduced Basis Methods for the Monge--Ampère Equation
2023,10.1137/21m1446289,https://epubs.siam.org/doi/10.1137/21m1446289,Jonas Kusch,0000-0002-2061-2114,Karlsruhe Institute of Technology,On the Stability of Robust Dynamical Low-Rank Approximations for Hyperbolic Problems
2023,10.1137/21m1466542,https://epubs.siam.org/doi/10.1137/21m1466542,Keyi Wu,0000-0003-3428-9079,The University of Texas at Austin,An Offline-Online Decomposition Method for Efficient Linear Bayesian Goal-Oriented Optimal Experimental Design: Applicat
2023,10.1137/21m1430492,https://epubs.siam.org/doi/10.1137/21m1430492,Christoph Klein,0000-0003-2019-6074,Heidelberg University,Preconditioning Sparse Matrices with Alternating and Multiplicative Operator Splittings
2023,10.1137/21m1460557,https://epubs.siam.org/doi/10.1137/21m1460557,Ana Alonso Rodríguez,0000-0003-1505-8048,University of Trento,A Graph-Based Algorithm for the Approximation of the Spectrum of the Curl Operator
2023,10.1137/22m1490338,https://epubs.siam.org/doi/10.1137/22m1490338,Grady B. Wright,0000-0001-7441-1791,Boise State University,MGM: A Meshfree Geometric Multilevel Method for Systems Arising from Elliptic Equations on Point Cloud Surfaces
2023,10.1137/21m143114x,https://epubs.siam.org/doi/10.1137/21m143114x,Johannes Haubner,0009-0005-5196-1770,Simula Research Laboratory,A Novel Density Based Approach for Topology Optimization of Stokes Flow
2023,10.1137/22m1484109,https://epubs.siam.org/doi/10.1137/22m1484109,Shimin Guo,0000-0002-6954-2647,Xi'an Jiaotong University,"Mass-, Energy-, and Momentum-Preserving Spectral Scheme for Klein-Gordon-Schrödinger System on Infinite Domains"
2023,10.1137/21m1451543,https://epubs.siam.org/doi/10.1137/21m1451543,Jiajie Li,0000-0002-6186-3884,East China Normal University,Shape Optimization of the Stokes Eigenvalue Problem
2023,10.1137/21m1459915,https://epubs.siam.org/doi/10.1137/21m1459915,Yingxiang Xu,0000-0001-7994-5274,Northeast Normal University,Optimized Schwarz Methods for the Cahn–Hilliard Equation
2023,10.1137/22m1501143,https://epubs.siam.org/doi/10.1137/22m1501143,Qing Cheng,0000-0001-5645-5256,Tongji University,Length Preserving Numerical Schemes for Landau–Lifshitz Equation Based on Lagrange Multiplier Approaches
2023,10.1137/21m1431229,https://epubs.siam.org/doi/10.1137/21m1431229,Aaron Charous,0000-0001-8421-3027,Massachusetts Institute of Technology,Dynamically Orthogonal Runge–Kutta Schemes with Perturbative Retractions for the Dynamical Low-Rank Approximation
2023,10.1137/22m1507942,https://epubs.siam.org/doi/10.1137/22m1507942,Li Luo,0000-0002-3123-9132,University of Macau,\(\text{PIN}^{\mathcal L}\) : Preconditioned Inexact Newton with Learning Capability for Nonlinear System of Equations
2023,10.1137/22m1492386,https://epubs.siam.org/doi/10.1137/22m1492386,Victorita Dolean,0000-0002-5885-1903,Centre National de la Recherche Scientifique,Closed Form Optimized Transmission Conditions for Complex Diffusion with Many Subdomains
2023,10.1137/21m1463665,https://epubs.siam.org/doi/10.1137/21m1463665,Weiyang Ding,0000-0003-3075-5781,Shanghai Center for Brain Science and Brain-Inspired Technology,Higher Order Extended Dynamic Mode Decomposition Based on the Structured Total Least Squares
2023,10.1137/21m1430996,https://epubs.siam.org/doi/10.1137/21m1430996,Reiichiro Kawai,0000-0002-3845-015X,Tokyo University of the Arts,Dynamic Finite-Budget Allocation of Stratified Sampling with Adaptive Variance Reduction by Strata
2023,10.1137/22m1493318,https://epubs.siam.org/doi/10.1137/22m1493318,Bernard Haasdonk,,University of Stuttgart,A New Certified Hierarchical and Adaptive RB-ML-ROM Surrogate Model for Parametrized PDEs
2023,10.1137/22m1481002,https://epubs.siam.org/doi/10.1137/22m1481002,Julia Schleuß,,University of Münster,Randomized Quasi-Optimal Local Approximation Spaces in Time
2023,10.1137/22m1494658,https://epubs.siam.org/doi/10.1137/22m1494658,Jake Brusca,0000-0003-1256-0569,New Jersey Institute of Technology,A Convergent Quadrature-Based Method for the Monge–Ampère Equation
2023,10.1137/22m1499376,https://epubs.siam.org/doi/10.1137/22m1499376,Guodong Zhang,0000-0002-8323-9126,Yantai University,Reformulated Weak Formulation and Efficient Fully Discrete Finite Element Method for a Two-Phase Ferrohydrodynamics Shli
2023,10.1137/22m1496360,https://epubs.siam.org/doi/10.1137/22m1496360,Shady E. Ahmed,0000-0001-5548-0265,Oklahoma State University,Physics Guided Machine Learning for Variational Multiscale Reduced Order Modeling
2023,10.1137/21m1452342,https://epubs.siam.org/doi/10.1137/21m1452342,Yixiao Hu,0009-0004-6967-1731,Tsinghua University,Seismic Tomography with Random Batch Gradient Reconstruction
2023,10.1137/22m1510935,https://epubs.siam.org/doi/10.1137/22m1510935,Tobias Knopp,0000-0002-1589-8517,Universität Hamburg,NFFT.jl: Generic and Fast Julia Implementation of the Nonequidistant Fast Fourier Transform
2023,10.1137/22m1488405,https://epubs.siam.org/doi/10.1137/22m1488405,Fan Chen,0000-0003-0082-7908,Shanghai Jiao Tong University,Friedrichs Learning: Weak Solutions of Partial Differential Equations via Deep Learning
2023,10.1137/23m1572404,https://epubs.siam.org/doi/10.1137/23m1572404,Matthias Bolten,0000-0002-8682-7652,,Special Section: 2021 Copper Mountain Conference
2023,10.1137/22m1500575,https://epubs.siam.org/doi/10.1137/22m1500575,Weizhu Bao,0000-0003-3418-9625,National University of Singapore,A Symmetrized Parametric Finite Element Method for Anisotropic Surface Diffusion in Three Dimensions
2023,10.1137/22m1486303,https://epubs.siam.org/doi/10.1137/22m1486303,Jeffrey M. Hokanson,0000-0003-3059-5298,University of Colorado Boulder,Simultaneous Identification and Denoising of Dynamical Systems
2023,10.1137/22m1506390,https://epubs.siam.org/doi/10.1137/22m1506390,Manoochehr Khasi,0000-0002-2581-0662,Iran University of Science and Technology,Fast Computing Approaches Based on a Bilinear Pseudo-Spectral Method for Nonlinear Acoustic Wave Equations
2023,10.1137/22m1536741,https://epubs.siam.org/doi/10.1137/22m1536741,Sara Pollock,0000-0001-7896-350X,University of Florida,Filtering for Anderson Acceleration
2023,10.1137/22m1498127,https://epubs.siam.org/doi/10.1137/22m1498127,Jianguo Huang,0000-0003-0825-3056,Shanghai Jiao Tong University,Efficient Exponential Integrator Finite Element Method for Semilinear Parabolic Equations
2023,10.1137/22m1507863,https://epubs.siam.org/doi/10.1137/22m1507863,Heng Tian,,Sichuan University of Science and Engineering,Band Structure Calculations of Three-Dimensional Anisotropic Photonic Crystals in the Oblique Coordinate System
2023,10.1137/22m1487710,https://epubs.siam.org/doi/10.1137/22m1487710,Iain Duff,,Centre Européen de Recherche et de Formation Avancée en Calcul Scientifique,Row Replicated Block Cimmino
2023,10.1137/22m149329x,https://epubs.siam.org/doi/10.1137/22m149329x,Riccardo Morandin,0000-0003-2511-041X,Technische Universität Berlin,Port-Hamiltonian Dynamic Mode Decomposition
2023,10.1137/21m1442048,https://epubs.siam.org/doi/10.1137/21m1442048,Gang Pang,0000-0001-8844-1211,Beihang University,Accurate Absorbing Boundary Conditions for the Two-Dimensional Nonlocal Schrödinger Equations
2023,10.1137/22m1496773,https://epubs.siam.org/doi/10.1137/22m1496773,Yingzhi Liu,0000-0001-9962-7310,University of Macau,A One-Dimensional Coarse Preconditioner for Three-Dimensional Unsteady Incompressible Navier–Stokes Flows in Patient-Spe
2023,10.1137/22m1500848,https://epubs.siam.org/doi/10.1137/22m1500848,Difeng Cai,0000-0001-9482-6425,Emory University,Data-Driven Construction of Hierarchical Matrices With Nested Bases
2023,10.1137/22m1475302,https://epubs.siam.org/doi/10.1137/22m1475302,Xiaozhou Wang,0000-0003-4514-0421,Hong Kong Polytechnic University,Solving Two-Stage Stochastic Variational Inequalities by a Hybrid Projection Semismooth Newton Algorithm
2023,10.1137/22m1503270,https://epubs.siam.org/doi/10.1137/22m1503270,Peter Münch,0000-0003-2368-8533,Helmholtz-Zentrum Hereon,Stage-Parallel Fully Implicit Runge–Kutta Implementations with Optimal Multilevel Preconditioners at the Scaling Limit
2023,10.1137/22m1502197,https://epubs.siam.org/doi/10.1137/22m1502197,Julianne Chung,0000-0002-6760-4736,Emory University,Hybrid Projection Methods for Solution Decomposition in Large-Scale Bayesian Inverse Problems
2023,10.1137/22m1492994,https://epubs.siam.org/doi/10.1137/22m1492994,Xuejian Li,0000-0001-5536-7940,Missouri University of Science and Technology,Variational Data Assimilation and its Decoupled Iterative Numerical Algorithms for Stokes–Darcy Model
2023,10.1137/22m1494397,https://epubs.siam.org/doi/10.1137/22m1494397,Harbir Antil,0000-0002-6641-1449,George Mason University,Efficient Algorithms for Bayesian Inverse Problems with Whittle–Matérn Priors
2023,10.1137/22m1502872,https://epubs.siam.org/doi/10.1137/22m1502872,Haiyan Jiang,0000-0002-4099-480X,Beijing Institute of Technology,Numerical Study of Transient Wigner–Poisson Model for RTDs: Numerical Method and Its Applications
2023,10.1137/22m150753x,https://epubs.siam.org/doi/10.1137/22m150753x,Colin J. Cotter,0000-0001-7962-8324,Baylor University,Weighted-Norm Preconditioners for a Multilayer Tide Model
2023,10.1137/22m1532457,https://epubs.siam.org/doi/10.1137/22m1532457,Wangtao Lu,0000-0003-2227-702X,Zhejiang University,A Highly Accurate Perfectly-Matched-Layer Boundary Integral Equation Solver for Acoustic Layered-Medium Problems
2023,10.1137/22m1490831,https://epubs.siam.org/doi/10.1137/22m1490831,Wei Wan,0000-0002-7925-1210,North China Electric Power University,A Scalable Deep Learning Approach for Solving High-Dimensional Dynamic Optimal Transport
2023,10.1137/22m1536510,https://epubs.siam.org/doi/10.1137/22m1536510,Sachin Krishnan Thekke Veettil,0000-0003-4852-2839,Center for Systems Biology Dresden,Global Polynomial Level Sets for Numerical Differential Geometry of Smooth Closed Surfaces
2023,10.1137/22m1520840,https://epubs.siam.org/doi/10.1137/22m1520840,Tianhao Hu,,Jilin University,Solving Elliptic Problems with Singular Sources Using Singularity Splitting Deep Ritz Method
2023,10.1137/22m1514088,https://epubs.siam.org/doi/10.1137/22m1514088,Andrei Chertkov,0000-0001-9990-6598,Skolkovo Institute of Science and Technology,Black Box Approximation in the Tensor Train Format Initialized by ANOVA Decomposition
2023,10.1137/22m1534857,https://epubs.siam.org/doi/10.1137/22m1534857,Daniel Seibel,0000-0003-3833-2089,Saarland University,Almost Complete Analytical Integration in Galerkin Boundary Element Methods
2023,10.1137/23m1564286,https://epubs.siam.org/doi/10.1137/23m1564286,Hans De Sterck,0000-0002-1641-932X,University of Waterloo,"Enhancing Reproducibility of Research Papers in SISC, JSC, and JCP"
2023,10.1137/22m1505037,https://epubs.siam.org/doi/10.1137/22m1505037,Mejdi Azaïez,0000-0002-1797-4763,Centre National de la Recherche Scientifique,Numerical Approximation of PGD Modes to Parameterized Elliptic Problems
2023,10.1137/22m1501155,https://epubs.siam.org/doi/10.1137/22m1501155,Tianshi Xu,0000-0003-3119-1957,University of Minnesota,A Parallel Algorithm for Computing Partial Spectral Factorizations of Matrix Pencils via Chebyshev Approximation
2023,10.1137/22m1513228,https://epubs.siam.org/doi/10.1137/22m1513228,Samuel E. Otto,0000-0002-5086-8057,Princeton University,Model Reduction for Nonlinear Systems by Balanced Truncation of State and Gradient Covariance
2023,10.1137/22m1502859,https://epubs.siam.org/doi/10.1137/22m1502859,Shubin Fu,0000-0002-6250-0778,Eastern Institute of Technology,An Efficient Multiscale Preconditioner for Large-Scale Highly Heterogeneous Flow
2023,10.1137/23m1545744,https://epubs.siam.org/doi/10.1137/23m1545744,Xinyu Liu,0000-0002-5180-6958,Purdue University West Lafayette,An Efficient and Robust Scalar Auxialiary Variable Based Algorithm for Discrete Gradient Systems Arising from Optimizati
2023,10.1137/22m1497298,https://epubs.siam.org/doi/10.1137/22m1497298,Beiping Duan,0000-0002-9038-3644,Shenzhen University,A Quadrature Scheme for Steady-State Diffusion Equations Involving Fractional Power of Regularly Accretive Operator
2023,10.1137/22m1491253,https://epubs.siam.org/doi/10.1137/22m1491253,V A Kandappan,,Indian Institute of Technology Madras,HODLR2D: A New Class of Hierarchical Matrices
2023,10.1137/22m1528306,https://epubs.siam.org/doi/10.1137/22m1528306,Nir Sharon,0000-0001-6329-3857,Tel Aviv University,On Multiscale Quasi-Interpolation of Scattered Scalar- and Manifold-Valued Functions
2023,10.1137/22m1510169,https://epubs.siam.org/doi/10.1137/22m1510169,Xiaoqiang Yue,0000-0003-0097-7017,Xiangtan University,Convergence Analysis of a Mixed Precision Parareal Algorithm
2023,10.1137/22m1541307,https://epubs.siam.org/doi/10.1137/22m1541307,Zhongqin Xue,0000-0003-0971-2189,Southeast University,Compatible Energy Dissipation of the Variable-Step \({\boldsymbol{L1}}\) Scheme for the Space-Time Fractional Cahn-Hilli
2023,10.1137/22m1485553,https://epubs.siam.org/doi/10.1137/22m1485553,Alexey Kazarnikov,0000-0002-5956-2791,Heidelberg University,A Bayesian Approach to Modeling Biological Pattern Formation with Limited Data
2023,10.1137/22m1533062,https://epubs.siam.org/doi/10.1137/22m1533062,Kamran Pentland,0000-0001-9530-1890,University of Warwick,Error Bound Analysis of the Stochastic Parareal Algorithm
2023,10.1137/22m1516178,https://epubs.siam.org/doi/10.1137/22m1516178,Jonathan Angel,,Volcano Corporation (United States),Efficient Upwind Finite-Difference Schemes for Wave Equations on Overset Grids
2023,10.1137/22m1533815,https://epubs.siam.org/doi/10.1137/22m1533815,Guoliang Zhang,0009-0004-2768-4120,Shanghai Jiao Tong University,Asymptotic Preserving and Uniformly Unconditionally Stable Finite Difference Schemes for Kinetic Transport Equations
2023,10.1137/22m1519572,https://epubs.siam.org/doi/10.1137/22m1519572,Longfei Gao,0000-0002-7790-7538,The University of Texas at Austin,Strongly Imposing the Free Surface Boundary Condition for Wave Equations with Finite Difference Operators
2023,10.1137/22m1536340,https://epubs.siam.org/doi/10.1137/22m1536340,Alejandro Allendes,0000-0002-3305-6823,Federico Santa María Technical University,Numerical Discretization of a Darcy-Forchheimer Problem Coupled with a Singular Heat Equation
2023,10.1137/22m1490739,https://epubs.siam.org/doi/10.1137/22m1490739,Navjot Singh,0000-0003-0360-2915,University of Illinois Urbana-Champaign,Alternating Mahalanobis Distance Minimization for Accurate and Well-Conditioned CP Decomposition
2023,10.1137/22m1502719,https://epubs.siam.org/doi/10.1137/22m1502719,Oded Schwartz,0000-0003-1309-5566,Hebrew University of Jerusalem,Pebbling Game and Alternative Basis for High Performance Matrix Multiplication
2023,10.1137/22m1540612,https://epubs.siam.org/doi/10.1137/22m1540612,Chenglong Bao,0000-0002-1201-1212,Institute of Mathematical Sciences,Robust Full Waveform Inversion: A Source Wavelet Manipulation Perspective
2023,10.1137/22m1511953,https://epubs.siam.org/doi/10.1137/22m1511953,Chun Kit Hung,,Hong Kong University of Science and Technology,A Simple Embedding Method for Scalar Hyperbolic Conservation Laws on Implicit Surfaces
2023,10.1137/23m1546816,https://epubs.siam.org/doi/10.1137/23m1546816,Xianmin Xu,0000-0002-5025-4565,Chinese Academy of Sciences,A Unified Variational Framework on Macroscopic Computations for Two-Phase Flow with Moving Contact Lines
2023,10.1137/22m1511345,https://epubs.siam.org/doi/10.1137/22m1511345,Dongfang Li,0000-0002-2901-3919,Huazhong University of Science and Technology,Relaxation Exponential Rosenbrock-Type Methods for Oscillatory Hamiltonian Systems
2023,10.1137/22m1517081,https://epubs.siam.org/doi/10.1137/22m1517081,Xingwen Zhu,,Dali University,Physics-Informed Neural Networks for Solving Dynamic Two-Phase Interface Problems
2023,10.1137/22m1514337,https://epubs.siam.org/doi/10.1137/22m1514337,James H. Adler,,Tufts University,A Stable Mimetic Finite-Difference Method for Convection-Dominated Diffusion Equations
2023,10.1137/22m1503932,https://epubs.siam.org/doi/10.1137/22m1503932,Xiaozhe Hu,0000-0001-7533-0416,Tufts University,Solving Graph Laplacians via Multilevel Sparsifiers
2023,10.1137/22m1529415,https://epubs.siam.org/doi/10.1137/22m1529415,Daniel Drzisga,0000-0003-3757-2136,Technical University of Munich,A Matrix-Free ILU Realization Based on Surrogates
2023,10.1137/22m1527726,https://epubs.siam.org/doi/10.1137/22m1527726,Xiangcheng Zheng,0000-0002-6364-9216,Shandong University,A Time-Fractional Mean-Field Control Modeling Subdiffusive Advective Transport
2023,10.1137/22m1541368,https://epubs.siam.org/doi/10.1137/22m1541368,Mark Ainsworth,0000-0002-4899-1048,Brown University,Statically Condensed Iterated Penalty Method for High Order Finite Element Discretizations of Incompressible Flow
2023,10.1137/22m1505360,https://epubs.siam.org/doi/10.1137/22m1505360,Long Chen,0000-0002-7345-5116,"University of California, Irvine",A Family of Immersed Finite Element Spaces and Applications to Three-Dimensional \(\bf{H}(\operatorname{curl})\) Interfa
2024,10.1137/23m1550803,https://epubs.siam.org/doi/10.1137/23m1550803,Xin Liu,0009-0005-5174-9446,Tianjin University,On Optimal Zero-Padding of Kernel Truncation Method
2024,10.1137/23m1562081,https://epubs.siam.org/doi/10.1137/23m1562081,Shengrong Ding,,Southern University of Science and Technology,A New Discretely Divergence-Free Positivity-Preserving High-Order Finite Volume Method for Ideal MHD Equations
2024,10.1137/23m1565887,https://epubs.siam.org/doi/10.1137/23m1565887,Dexuan Zhou,,Beijing Normal University,A Multilevel Method for Many-Electron Schrödinger Equations Based on the Atomic Cluster Expansion
2024,10.1137/22m1496128,https://epubs.siam.org/doi/10.1137/22m1496128,Gal Shalom,,Technion – Israel Institute of Technology,pISTA: Preconditioned Iterative Soft Thresholding Algorithm for Graphical Lasso
2024,10.1137/23m1554795,https://epubs.siam.org/doi/10.1137/23m1554795,Ren‐jun Qi,0000-0003-2467-1354,Southeast University,A Unified Design of Energy Stable Schemes with Variable Steps for Fractional Gradient Flows and Nonlinear Integro-differ
2024,10.1137/23m1567679,https://epubs.siam.org/doi/10.1137/23m1567679,Tommaso Bevilacqua,0000-0002-0828-5018,University of Milan,BDDC Preconditioners for Virtual Element Approximations of the Three-Dimensional Stokes Equations
2024,10.1137/23m1547676,https://epubs.siam.org/doi/10.1137/23m1547676,Hanxiang Shen,,Fudan University,Weighted Trace-Penalty Minimization for Full Configuration Interaction
2024,10.1137/23m1546981,https://epubs.siam.org/doi/10.1137/23m1546981,Tiangang Cui,0000-0002-4840-8545,The University of Sydney,Deep Importance Sampling Using Tensor Trains with Application to a Priori and a Posteriori Rare Events
2024,10.1137/23m160832x,https://epubs.siam.org/doi/10.1137/23m160832x,Hans De Sterck,0000-0002-1641-932X,,New SISC Section on Scientific Machine Learning
2024,10.1137/23m1552772,https://epubs.siam.org/doi/10.1137/23m1552772,Zhifang Liu,0000-0001-7753-7234,Tianjin Normal University,A Fast Minimization Algorithm for the Euler Elastica Model Based on a Bilinear Decomposition
2024,10.1137/22m1484377,https://epubs.siam.org/doi/10.1137/22m1484377,Shao-Bo Lin,0000-0001-5122-9153,Xi'an Jiaotong University,Sketching with Spherical Designs for Noisy Data Fitting on Spheres
2024,10.1137/23m1560574,https://epubs.siam.org/doi/10.1137/23m1560574,Jeahan Jung,,Pohang University of Science and Technology,Bayesian Deep Learning Framework for Uncertainty Quantification in Stochastic Partial Differential Equations
2024,10.1137/23m1551201,https://epubs.siam.org/doi/10.1137/23m1551201,Tizian Wenzel,,University of Stuttgart,Data-Driven Kernel Designs for Optimized Greedy Schemes: A Machine Learning Perspective
2024,10.1137/23m1546221,https://epubs.siam.org/doi/10.1137/23m1546221,Lizhen Qin,,Nanjing University,A Numerical Domain Decomposition Method for Solving Elliptic Equations on Manifolds
2024,10.1137/23m155791x,https://epubs.siam.org/doi/10.1137/23m155791x,Björn Liljegren-Sailer,0000-0002-5267-7801,Johann Radon Institute for Computational and Applied Mathematics,Data-Driven and Low-Rank Implementations of Balanced Singular Perturbation Approximation
2024,10.1137/22m1534948,https://epubs.siam.org/doi/10.1137/22m1534948,Pierre F. J. Lermusiaux,0000-0002-1869-3883,Massachusetts Institute of Technology,Stable Rank-Adaptive Dynamically Orthogonal Runge–Kutta Schemes
2024,10.1137/22m1516294,https://epubs.siam.org/doi/10.1137/22m1516294,Haijian Yang,0000-0002-7380-0004,Hunan University,Nonlinearly Constrained Pressure Residual (NCPR) Algorithms for Fractured Reservoir Simulation
2024,10.1137/23m1551857,https://epubs.siam.org/doi/10.1137/23m1551857,Beiping Duan,0000-0002-9038-3644,Shenzhen University,New Artificial Tangential Motions for Parametric Finite Element Approximation of Surface Evolution
2024,10.1137/22m1537333,https://epubs.siam.org/doi/10.1137/22m1537333,Zhen Chen,0000-0002-9412-9774,ExxonMobil (United States),Learning the Dynamics for Unknown Hyperbolic Conservation Laws Using Deep Neural Networks
2024,10.1137/22m1535310,https://epubs.siam.org/doi/10.1137/22m1535310,Danimir T. Doncevic,,Forschungszentrum Jülich,A Recursively Recurrent Neural Network (R2N2) Architecture for Learning Iterative Algorithms
2024,10.1137/22m1541964,https://epubs.siam.org/doi/10.1137/22m1541964,Tony Lelièvre,0000-0002-3412-113X,École nationale des ponts et chaussées,Using Witten Laplacians to Locate Index-1 Saddle Points
2024,10.1137/23m1568545,https://epubs.siam.org/doi/10.1137/23m1568545,Bo Feng,0000-0001-7980-3567,China University of Mining and Technology,A Block Lanczos Method for Large-Scale Quadratic Minimization Problems with Orthogonality Constraints
2024,10.1137/23m1547688,https://epubs.siam.org/doi/10.1137/23m1547688,Nail A. Gumerov,0000-0002-6758-0391,"University of Maryland, College Park",Analytical Galerkin Boundary Integrals of Laplace Kernel Layer Potentials in \(\boldsymbol{\mathbb{R}^3}\)
2024,10.1137/22m152178x,https://epubs.siam.org/doi/10.1137/22m152178x,Genming Bai,0000-0002-4138-8051,Hong Kong Polytechnic University,High-Order Mass- and Energy-Conserving Methods for the Nonlinear Schrödinger Equation
2024,10.1137/23m1569125,https://epubs.siam.org/doi/10.1137/23m1569125,Guodong Zhang,0009-0007-9745-4285,Yantai University,A Unified Framework of the SAV-ZEC Method for a Mass-Conserved Allen–Cahn Type Two-Phase Ferrofluid Flow Model
2024,10.1137/22m1524151,https://epubs.siam.org/doi/10.1137/22m1524151,Yong Liu,0000-0003-1385-0170,Chinese Academy of Sciences,An Entropy Stable Essentially Oscillation-Free Discontinuous Galerkin Method for Hyperbolic Conservation Laws
2024,10.1137/22m1540363,https://epubs.siam.org/doi/10.1137/22m1540363,Rachel Minster,,Wake Forest University,Parallel Randomized Tucker Decomposition Algorithms
2024,10.1137/22m1520591,https://epubs.siam.org/doi/10.1137/22m1520591,Jan Blechta,0000-0001-8978-4187,Charles University,Efficient Solution of Parameter Identification Problems with \(H^1\) Regularization
2024,10.1137/22m1498279,https://epubs.siam.org/doi/10.1137/22m1498279,Yunfeng Xiong,,Beijing Normal University,Overcoming the Numerical Sign Problem in the Wigner Dynamics via Adaptive Particle Annihilation
2024,10.1137/23m1577390,https://epubs.siam.org/doi/10.1137/23m1577390,Kazufumi Ito,0000-0003-2417-2600,North Carolina State University,A Direct Probing Method of an Inverse Problem for the Eikonal Equation
2024,10.1137/23m158629x,https://epubs.siam.org/doi/10.1137/23m158629x,Qifan Chen,0009-0003-0790-6972,The Ohio State University,The Runge–Kutta Discontinuous Galerkin Method with Compact Stencils for Hyperbolic Conservation Laws
2024,10.1137/22m1536479,https://epubs.siam.org/doi/10.1137/22m1536479,Ziyao Xu,0000-0002-7298-004X,University of Notre Dame,Local Characteristic Decomposition–Free High-Order Finite Difference WENO Schemes for Hyperbolic Systems Endowed with a 
2024,10.1137/23m1586215,https://epubs.siam.org/doi/10.1137/23m1586215,Lena Baumann,,University of Würzburg,Energy Stable and Conservative Dynamical Low-Rank Approximation for the Su–Olson Problem
2024,10.1137/23m1614110,https://epubs.siam.org/doi/10.1137/23m1614110,Andreas Stathopoulos,0000-0001-7253-9935,,Special Section: 2022 Copper Mountain Conference on Iterative Methods
2024,10.1137/23m1565103,https://epubs.siam.org/doi/10.1137/23m1565103,Gianluca Ceruti,,École Polytechnique Fédérale de Lausanne,A Parallel Rank-Adaptive Integrator for Dynamical Low-Rank Approximation
2024,10.1137/23m1595102,https://epubs.siam.org/doi/10.1137/23m1595102,Riccardo Brignone,0000-0001-8282-8036,University of Freiburg,Exact Simulation of the Multifactor Ornstein–Uhlenbeck Driven Stochastic Volatility Model
2024,10.1137/23m1565966,https://epubs.siam.org/doi/10.1137/23m1565966,Konstantin Althaus,,Technical University of Munich,Consensus-Based Rare Event Estimation
2024,10.1137/23m157017x,https://epubs.siam.org/doi/10.1137/23m157017x,Uwe Naumann,0000-0002-7518-5922,RWTH Aachen University,A Matrix-Free Exact Newton Method
2024,10.1137/23m1552073,https://epubs.siam.org/doi/10.1137/23m1552073,Noel Murasko,,University of Alberta,Hybrid Dealiasing of Complex Convolutions
2024,10.1137/23m1588810,https://epubs.siam.org/doi/10.1137/23m1588810,Fan Zhang,0000-0003-1201-9246,University of Science and Technology Beijing,A Bound-Preserving and Positivity-Preserving High-Order Arbitrary Lagrangian-Eulerian Discontinuous Galerkin Method for 
2024,10.1137/23m1573653,https://epubs.siam.org/doi/10.1137/23m1573653,Andreas Dedner,0000-0003-4387-9791,University of Warwick,A Framework for Implementing General Virtual Element Spaces
2024,10.1137/22m1495718,https://epubs.siam.org/doi/10.1137/22m1495718,Christian Bayer,0000-0002-9116-0039,Weierstrass Institute for Applied Analysis and Stochastics,Multilevel Monte Carlo with Numerical Smoothing for Robust and Efficient Computation of Probabilities and Densities
2024,10.1137/23m1578139,https://epubs.siam.org/doi/10.1137/23m1578139,Tianpei Cheng,,Hunan University,Adaptive Space-Time Domain Decomposition for Multiphase Flow in Porous Media with Bound Constraints
2024,10.1137/22m1504184,https://epubs.siam.org/doi/10.1137/22m1504184,Daniel Jodlbauer,0000-0001-9323-1809,Johann Radon Institute for Computational and Applied Mathematics,Matrix-Free Monolithic Multigrid Methods for Stokes and Generalized Stokes Problems
2024,10.1137/23m1583934,https://epubs.siam.org/doi/10.1137/23m1583934,Mengyu Wang,0009-0008-0320-9244,Chongqing University,Randomized Tensor Wheel Decomposition
2024,10.1137/22m1528574,https://epubs.siam.org/doi/10.1137/22m1528574,James J. Levitt,0000-0001-9733-870X,The University of Texas at Austin,Linear-Complexity Black-Box Randomized Compression of Rank-Structured Matrices
2024,10.1137/23m1590317,https://epubs.siam.org/doi/10.1137/23m1590317,Tianqi Zhang,0000-0003-0145-973X,Clemson University,A New Preconditioned Nonlinear Conjugate Gradient Method in Real Arithmetic for Computing the Ground States of Rotationa
2024,10.1137/22m149702x,https://epubs.siam.org/doi/10.1137/22m149702x,Thomas Frachon,0000-0002-4536-6079,KTH Royal Institute of Technology,A Divergence Preserving Cut Finite Element Method for Darcy Flow
2024,10.1137/23m1553789,https://epubs.siam.org/doi/10.1137/23m1553789,A. Mamonov,0000-0002-1270-7535,University of Houston,Tensorial Parametric Model Order Reduction of Nonlinear Dynamical Systems
2024,10.1137/23m1554308,https://epubs.siam.org/doi/10.1137/23m1554308,Pawan Goyal,0000-0003-3072-7780,Max Planck Institute for Dynamics of Complex Technical Systems,Rank-Minimizing and Structured Model Inference
2024,10.1137/23m1559026,https://epubs.siam.org/doi/10.1137/23m1559026,Nicole Spillane,0000-0001-5067-946X,Centre National de la Recherche Scientifique,Hermitian Preconditioning for a Class of Non-Hermitian Linear Systems
2024,10.1137/22m1544312,https://epubs.siam.org/doi/10.1137/22m1544312,Andrey A. Popov,0000-0002-7726-6224,The University of Texas at Austin,An Adaptive Covariance Parameterization Technique for the Ensemble Gaussian Mixture Filter
2024,10.1137/23m1582904,https://epubs.siam.org/doi/10.1137/23m1582904,Fred Fung,0000-0003-1417-4995,National Computational Infrastructure,Fault-Tolerant Parallel Multigrid Method on Unstructured Adaptive Mesh
2024,10.1137/23m154710x,https://epubs.siam.org/doi/10.1137/23m154710x,Matthias Kirchhart,0000-0001-7018-6099,RWTH Aachen University,The Numerical Flow Iteration for the Vlasov–Poisson Equation
2024,10.1137/22m1539009,https://epubs.siam.org/doi/10.1137/22m1539009,Alina Chertock,0000-0003-4978-1314,North Carolina State University,A New Locally Divergence-Free Path-Conservative Central-Upwind Scheme for Ideal and Shallow Water Magnetohydrodynamics
2024,10.1137/23m1567229,https://epubs.siam.org/doi/10.1137/23m1567229,Tianyun Tang,0000-0001-6619-0474,National University of Singapore,A Riemannian Dimension-Reduced Second-Order Method with Application in Sensor Network Localization
2024,10.1137/23m1604266,https://epubs.siam.org/doi/10.1137/23m1604266,Martin J. Gander,0000-0001-8450-9223,University of Geneva,Spectral Analysis of Implicit \(\boldsymbol{S}\)-Stage Block Runge–Kutta Preconditioners
2024,10.1137/23m1554357,https://epubs.siam.org/doi/10.1137/23m1554357,Longxiu Huang,0000-0002-6610-9653,Michigan State University,Randomized Kaczmarz in Adversarial Distributed Setting
2024,10.1137/23m1572787,https://epubs.siam.org/doi/10.1137/23m1572787,Zhi‐Min Chen,0000-0002-4066-531X,Academy of Mathematics and Systems Science,Efficient and Parallel Solution of High-Order Continuous Time Galerkin for Dissipative and Wave Propagation Problems
2024,10.1137/23m1598751,https://epubs.siam.org/doi/10.1137/23m1598751,Sanghyun Lee,0000-0002-2852-3837,Florida State University,On the Training and Generalization of Deep Operator Networks
2024,10.1137/23m1592584,https://epubs.siam.org/doi/10.1137/23m1592584,Giovanni Fantuzzi,0000-0002-0808-0944,Friedrich-Alexander-Universität Erlangen-Nürnberg,Global Minimization of Polynomial Integral Functionals
2024,10.1137/23m158262x,https://epubs.siam.org/doi/10.1137/23m158262x,Manaswinee Bezbaruah,,Texas A&M University,Shape Optimization of Optical Microscale Inclusions
2024,10.1137/23m1589980,https://epubs.siam.org/doi/10.1137/23m1589980,Tianyou Tang,,Academy of Mathematics and Systems Science,Transformed Model Reduction for Partial Differential Equations with Sharp Inner Layers
2024,10.1137/23m1563451,https://epubs.siam.org/doi/10.1137/23m1563451,Shi Jin,0000-0002-8635-7435,Shanghai Jiao Tong University,Quantum Simulation for Quantum Dynamics with Artificial Boundary Conditions
2024,10.1137/23m1580863,https://epubs.siam.org/doi/10.1137/23m1580863,Walter Boscheri,0000-0002-1467-1679,Centre National de la Recherche Scientifique,A New Thermodynamically Compatible Finite Volume Scheme for Lagrangian Gas Dynamics
2024,10.1137/23m1581819,https://epubs.siam.org/doi/10.1137/23m1581819,Nils Kohl,0000-0003-4797-0664,Friedrich-Alexander-Universität Erlangen-Nürnberg,Multigrid Methods Using Block Floating Point Arithmetic
2024,10.1137/23m1607234,https://epubs.siam.org/doi/10.1137/23m1607234,Zhonghua Qiao,0000-0002-0553-1404,Hong Kong Polytechnic University,Local Structure-Preserving Relaxation Method for Equilibrium of Charged Systems on Unstructured Meshes
2024,10.1137/23m1556320,https://epubs.siam.org/doi/10.1137/23m1556320,Ziyuan Liu,0000-0002-7081-8639,National University of Defense Technology,Render unto Numerics: Orthogonal Polynomial Neural Operator for PDEs with Nonperiodic Boundary Conditions
2024,10.1137/23m1553194,https://epubs.siam.org/doi/10.1137/23m1553194,Arne Bouillon,0000-0002-2745-1982,KU Leuven,On Generalized Preconditioners for Time-Parallel Parabolic Optimal Control
2024,10.1137/23m1561531,https://epubs.siam.org/doi/10.1137/23m1561531,Lisa Gaedke-Merzhäuser,0000-0002-7586-2727,Università della Svizzera italiana,Integrated Nested Laplace Approximations for Large-Scale Spatiotemporal Bayesian Modeling
2024,10.1137/23m1552814,https://epubs.siam.org/doi/10.1137/23m1552814,Michael B. Giles,0000-0002-5445-3721,Mathematical Institute of the Slovak Academy of Sciences,Rounding Error Using Low Precision Approximate Random Variables
2024,10.1137/23m1565139,https://epubs.siam.org/doi/10.1137/23m1565139,Shifan Zhao,0000-0002-0806-0628,Emory University,An Adaptive Factorized Nyström Preconditioner for Regularized Kernel Matrices
2024,10.1137/23m1584538,https://epubs.siam.org/doi/10.1137/23m1584538,Liwei Lu,,Tsinghua University,Temporal Difference Learning for High-Dimensional PIDEs with Jumps
2024,10.1137/23m1615486,https://epubs.siam.org/doi/10.1137/23m1615486,Mark Ainsworth,0000-0002-4899-1048,Brown University,Computing \(\boldsymbol{H}^{\boldsymbol{2}}\)-Conforming Finite Element Approximations Without Having to Implement \(\bo
2024,10.1137/22m1515392,https://epubs.siam.org/doi/10.1137/22m1515392,Qi Sun,0009-0007-4034-0316,Tongji University,Domain Decomposition Learning Methods for Solving Elliptic Problems
2024,10.1137/23m1601195,https://epubs.siam.org/doi/10.1137/23m1601195,Tianhao Hu,,Chinese University of Hong Kong,Solving Poisson Problems in Polygonal Domains with Singularity Enriched Physics Informed Neural Networks
2024,10.1137/23m1576700,https://epubs.siam.org/doi/10.1137/23m1576700,Moshe Eliasof,0000-0002-1780-2312,University of Cambridge,Graph Neural Reaction Diffusion Models
2024,10.1137/23m1556605,https://epubs.siam.org/doi/10.1137/23m1556605,Qing Li,0000-0002-8796-8887,University of Stavanger,An Alternating Flux Learning Method for Multidimensional Nonlinear Conservation Laws
2024,10.1137/22m1529427,https://epubs.siam.org/doi/10.1137/22m1529427,Ziqing Hu,0009-0000-3383-2426,University of Notre Dame,Energetic Variational Neural Network Discretizations of Gradient Flows
2024,10.1137/23m1580632,https://epubs.siam.org/doi/10.1137/23m1580632,Nanna Berre,0000-0001-6565-904X,Norwegian University of Science and Technology,Cut Finite Element Discretizations of Cell-by-Cell EMI Electrophysiology Models
2024,10.1137/22m1525259,https://epubs.siam.org/doi/10.1137/22m1525259,Daniel Fortunato,0000-0003-1302-7184,Flatiron Health (United States),A High-Order Fast Direct Solver for Surface PDEs
2024,10.1137/23m1593802,https://epubs.siam.org/doi/10.1137/23m1593802,Haibo Li,0000-0003-0437-7617,University of Melbourne,A Preconditioned Krylov Subspace Method for Linear Inverse Problems with General-Form Tikhonov Regularization
2024,10.1137/23m1622696,https://epubs.siam.org/doi/10.1137/23m1622696,Han Zhang,0000-0001-7072-2189,Department of Health,A Meshless Solver for Blood Flow Simulations in Elastic Vessels Using a Physics-Informed Neural Network
2024,10.1137/23m1598052,https://epubs.siam.org/doi/10.1137/23m1598052,Jonah A. Reeger,0000-0003-3211-7070,Wright-Patterson Air Force Base,Adaptivity in Local Kernel Based Methods for Approximating the Action of Linear Operators
2024,10.1137/23m1547123,https://epubs.siam.org/doi/10.1137/23m1547123,Terry Haut,0000-0001-6505-1472,Lawrence Livermore National Laboratory,Multilevel Parareal Algorithm with Averaging for Oscillatory Problems
2024,10.1137/24m162889x,https://epubs.siam.org/doi/10.1137/24m162889x,Yan Chang,,Harbin Institute of Technology,Inverse Source Problem of the Biharmonic Equation from Multifrequency Phaseless Data
2024,10.1137/23m1578632,https://epubs.siam.org/doi/10.1137/23m1578632,Stephen Thomas,0000-0001-8007-0057,Advanced Micro Devices (United States),Efficient GMRES+AMG on GPUs: Composite Smoothers And Mixed \(\boldsymbol{V}\)-Cycles
2024,10.1137/23m1562202,https://epubs.siam.org/doi/10.1137/23m1562202,Axel Klawonn,0000-0003-4765-7387,TH Köln - University of Applied Sciences,A Domain Decomposition–Based CNN-DNN Architecture for Model Parallel Training Applied to Image Recognition Problems
2024,10.1137/23m1597484,https://epubs.siam.org/doi/10.1137/23m1597484,Marsha Berger,0000-0002-7584-895X,Courant Institute of Mathematical Sciences,A New Provably Stable Weighted State Redistribution Algorithm
2024,10.1137/23m1583417,https://epubs.siam.org/doi/10.1137/23m1583417,Matthias Bolten,0000-0002-8682-7652,University of Wuppertal,Multigrid Preconditioning for Regularized Least-Squares Problems
2024,10.1137/23m1625597,https://epubs.siam.org/doi/10.1137/23m1625597,Wei Jiang,0000-0002-1601-236X,Wuhan University,Stable Backward Differentiation Formula Time Discretization of BGN-Based Parametric Finite Element Methods for Geometric
2024,10.1137/23m1583533,https://epubs.siam.org/doi/10.1137/23m1583533,Ru Huang,0000-0001-7545-0987,Emory University,Reducing Operator Complexity of Galerkin Coarse-grid Operators with Machine Learning
2024,10.1137/23m1628024,https://epubs.siam.org/doi/10.1137/23m1628024,Shumo Cui,0000-0001-6686-6876,Southern University of Science and Technology,Bound-Preserving Framework for Central-Upwind Schemes for General Hyperbolic Conservation Laws
2024,10.1137/23m1609543,https://epubs.siam.org/doi/10.1137/23m1609543,Lars Simon,0000-0002-4896-6096,Bundesdruckerei (Germany),Interpolating Parametrized Quantum Circuits Using Blackbox Queries
2024,10.1137/23m1612196,https://epubs.siam.org/doi/10.1137/23m1612196,Sumit Mahahjan,,Indian Institute of Technology Roorkee,Finite Element Approximation for the Delayed Generalized Burgers–Huxley Equation with Weakly Singular Kernel: Part II No
2024,10.1137/23m1607799,https://epubs.siam.org/doi/10.1137/23m1607799,Paul Schwerdtner,0000-0001-8761-9217,Courant Institute of Mathematical Sciences,Nonlinear Embeddings for Conserving Hamiltonians and Other Quantities with Neural Galerkin Schemes
2024,10.1137/23m1609440,https://epubs.siam.org/doi/10.1137/23m1609440,Jihun Han,0000-0001-9300-0541,Dartmouth College,Learning In-Between Imagery Dynamics via Physical Latent Spaces
2024,10.1137/23m1605570,https://epubs.siam.org/doi/10.1137/23m1605570,Gerhard Starke,0000-0001-5985-173X,University of Duisburg-Essen,Shape Optimization by Constrained First-Order System Least Mean Approximation
2024,10.1137/24m1641646,https://epubs.siam.org/doi/10.1137/24m1641646,Kirana Bergstrom,,Statistical Research (United States),A Distributions-Based Approach for Data-Consistent Inversion
2024,10.1137/23m1558987,https://epubs.siam.org/doi/10.1137/23m1558987,Changqing Ye,0000-0002-0085-6699,Chinese University of Hong Kong,A Robust Two-Level Overlapping Preconditioner for Darcy Flow in High-Contrast Media
2024,10.1137/23m1570715,https://epubs.siam.org/doi/10.1137/23m1570715,Tobias Blickhan,0009-0009-6141-0808,Max Planck Institute for Plasma Physics,A Registration Method for Reduced Basis Problems Using Linear Optimal Transport
2024,10.1137/23m1571423,https://epubs.siam.org/doi/10.1137/23m1571423,Arne Bouillon,0000-0002-2745-1982,KU Leuven,Diagonalization-Based Preconditioners and Generalized Convergence Bounds for ParaOpt
2024,10.1137/23m1590779,https://epubs.siam.org/doi/10.1137/23m1590779,Hao Liu,0000-0002-7504-9859,Hong Kong Baptist University,Operator-Splitting/Finite Element Methods for the Minkowski Problem
2024,10.1137/23m1613402,https://epubs.siam.org/doi/10.1137/23m1613402,Christian Engwer,0000-0002-6041-8228,University of Münster,Model Order Reduction of an Ultraweak and Optimally Stable Variational Formulation for Parametrized Reactive Transport P
2024,10.1137/24m1632309,https://epubs.siam.org/doi/10.1137/24m1632309,Jinyong Ying,0000-0001-5874-7850,Central South University,An Accurate and Efficient Continuity-Preserved Method Based on Randomized Neural Networks for Elliptic Interface Problem
2024,10.1137/24m1634242,https://epubs.siam.org/doi/10.1137/24m1634242,Xiaoyu Dong,0000-0002-6308-6628,National University of Singapore,Iterative Methods of Linearized Moment Equations for Rarefied Gases
2024,10.1137/24m1644717,https://epubs.siam.org/doi/10.1137/24m1644717,Pietro Benedusi,0000-0001-7799-5999,Simula Research Laboratory,Scalable Approximation and Solvers for Ionic Electrodiffusion in Cellular Geometries
2024,10.1137/24m1681707,https://epubs.siam.org/doi/10.1137/24m1681707,Eric C. Cyr,0000-0003-3833-9598,,Special Section: 2023 Copper Mountain Conference
2024,10.1137/23m1553844,https://epubs.siam.org/doi/10.1137/23m1553844,Shimin Guo,0000-0002-6954-2647,Xi'an Jiaotong University,A Linearly Implicit Spectral Scheme for the Three-Dimensional Hall-MHD System
2024,10.1137/23m1624610,https://epubs.siam.org/doi/10.1137/23m1624610,Rémi Abgrall,0000-0002-5553-7476,University of Zurich,A New Approach for Designing Well-Balanced Schemes for the Shallow Water Equations: A Combination of Conservative and Pr
2024,10.1137/23m1596831,https://epubs.siam.org/doi/10.1137/23m1596831,Y.-P. Ji,0009-0000-6789-4385,Shanghai Jiao Tong University,MCMS-RBM: Multicomponent Multistate Reduced Basis Method Toward Rapid Generation of Phase Diagrams for the Lifshitz–Petr
2024,10.1137/23m160846x,https://epubs.siam.org/doi/10.1137/23m160846x,Ioannis P. A. Papadopoulos,0000-0003-3522-8761,Imperial College London,Building Hierarchies of Semiclassical Jacobi Polynomials for Spectral Methods in Annuli
2024,10.1137/23m158190x,https://epubs.siam.org/doi/10.1137/23m158190x,Dianming Hou,0000-0002-9001-8022,Jiangsu Normal University,Energy-Dissipative Spectral Renormalization Exponential Integrator Method for Gradient Flow Problems
2024,10.1137/24m1629535,https://epubs.siam.org/doi/10.1137/24m1629535,Shuxun Shi,,Fudan University,A BDF-Spectral Method for a Class of Nonlocal Partial Differential Equations with Long Time Delay
2024,10.1137/24m1642962,https://epubs.siam.org/doi/10.1137/24m1642962,Mohammad Al-Khaleel,0000-0001-6266-373X,Khalifa University of Science and Technology,Optimized Schwarz Waveform Relaxation Methods for the Telegrapher Equation
2024,10.1137/23m1578474,https://epubs.siam.org/doi/10.1137/23m1578474,Anthony P. Austin,,Naval Postgraduate School,A Rational Filtering Algorithm for Sequences of Shifted Symmetric Linear Systems with Applications to Frequency Response
2024,10.1137/24m1631869,https://epubs.siam.org/doi/10.1137/24m1631869,Dajana Conte,0000-0001-8486-6861,University of Salerno,Stability Theory of TASE–Runge–Kutta Methods with Inexact Jacobian
2024,10.1137/23m1566935,https://epubs.siam.org/doi/10.1137/23m1566935,Yongcun Song,0000-0003-0984-2776,Friedrich-Alexander-Universität Erlangen-Nürnberg,The ADMM-PINNs Algorithmic Framework for Nonsmooth PDE-Constrained Optimization: A Deep Learning Approach
2024,10.1137/24m1636344,https://epubs.siam.org/doi/10.1137/24m1636344,Mohammad Farazmand,0000-0001-5836-6425,North Carolina State University,Sparse Discrete Empirical Interpolation Method: State Estimation from Few Sensors
2024,10.1137/24m1650247,https://epubs.siam.org/doi/10.1137/24m1650247,Jong-Ho Park,0000-0002-0496-649X,King Abdullah University of Science and Technology,Two-Level Overlapping Schwarz Preconditioners with Universal Coarse Spaces for \(\boldsymbol{2m}\)th-Order Elliptic Prob
2024,10.1137/22m153207x,https://epubs.siam.org/doi/10.1137/22m153207x,Hanyang Jiang,0000-0002-0123-6002,Georgia Institute of Technology,Reinforced Inverse Scattering
2024,10.1137/24m1659352,https://epubs.siam.org/doi/10.1137/24m1659352,Mikael Mortensen,0000-0002-3293-7573,University of Oslo,A Faster Multipole Legendre–Chebyshev Transform
2024,10.1137/24m1650703,https://epubs.siam.org/doi/10.1137/24m1650703,Gang Bao,0000-0003-1591-8095,Zhejiang University,A Highly Accurate PML-BIE Solver for the Electromagnetic Scattering Problem in a Multilayered Medium
2024,10.1137/23m1598118,https://epubs.siam.org/doi/10.1137/23m1598118,Abhijit Biswas,0000-0002-0741-6303,King Abdullah University of Science and Technology,Accurate Solution of the Nonlinear Schrödinger Equation via Conservative Multiple-Relaxation ImEx Methods
2024,10.1137/24m1647813,https://epubs.siam.org/doi/10.1137/24m1647813,Beiping Duan,0000-0002-9038-3644,Shenzhen Technology University,Energy-Stable and Mesh-Preserving Parametric FEM for Mean Curvature Flow of Surfaces
2024,10.1137/24m1643888,https://epubs.siam.org/doi/10.1137/24m1643888,Michele Bucelli,0000-0003-3089-9734,Politecnico di Milano,Robust Radial Basis Function Interpolation Based on Geodesic Distance for the Numerical Coupling of Multiphysics Problem
2024,10.1137/23m1611038,https://epubs.siam.org/doi/10.1137/23m1611038,Xing-Long Lyu,,Southeast University,An SVD-Based Fast Algorithm for 3D Maxwell’s Equations with Perfect Electric Conductor and Quasi-Periodic Boundary Condi
2025,10.1137/25m177463x,https://epubs.siam.org/doi/10.1137/25m177463x,Kristoffer Andersson,0000-0001-7186-4840,University of Verona,A Deep Solver for Backward Stochastic Volterra Integral Equations
2025,10.1137/24m1640914,https://epubs.siam.org/doi/10.1137/24m1640914,Guodong Zhang,0000-0002-4310-6097,Yantai University,Efficient Fully Discrete Finite Element Scheme for the Ferrohydrodynamic Rosensweig Model and Simulations of Ferrofluid 
2025,10.1137/23m1583612,https://epubs.siam.org/doi/10.1137/23m1583612,Zezheng Song,0009-0009-6493-2337,"University of Maryland, College Park",A Finite Expression Method for Solving High-Dimensional Committor Problems
2025,10.1137/23m158231x,https://epubs.siam.org/doi/10.1137/23m158231x,Tobias Sproll,0000-0003-3071-519X,University of Bayreuth,Numerical Solution of an Identification Problem in Electromyography
2025,10.1137/23m161118x,https://epubs.siam.org/doi/10.1137/23m161118x,Линг Лиу,0000-0002-2309-6768,Guizhou University,Convolution Quadratures Based on Block Generalized Adams Methods
2025,10.1137/23m1617618,https://epubs.siam.org/doi/10.1137/23m1617618,Nan Lu,,Southern University of Science and Technology,Geometric Integration for the Linear-Gradient System
2025,10.1137/24m1632413,https://epubs.siam.org/doi/10.1137/24m1632413,Nicola Guglielmi,0000-0003-3795-5225,Gran Sasso Science Institute,Applying Stiff Integrators for Ordinary Differential Equations and Delay Differential Equations to Problems with Distrib
2025,10.1137/22m1524928,https://epubs.siam.org/doi/10.1137/22m1524928,Paul Schwerdtner,0000-0001-8761-9217,Courant Institute of Mathematical Sciences,Structured Optimization-Based Model Order Reduction for Parametric Systems
2025,10.1137/24m1633960,https://epubs.siam.org/doi/10.1137/24m1633960,David Mora,0000-0002-2755-3188,University of Concepción,Stream Virtual Elements for the Navier–Stokes System: Nonstandard Boundary Conditions and Variable Recovery Algorithms
2025,10.1137/24m1628554,https://epubs.siam.org/doi/10.1137/24m1628554,Jiangxing Wang,,Hunan Normal University,A Novel PML-Type Technique for Acoustic Scattering Problems Based on a Real Coordinate Transformation
2025,10.1137/23m1625366,https://epubs.siam.org/doi/10.1137/23m1625366,Tyler E. Maltba,0009-0007-4385-1912,Los Alamos National Laboratory,Data-Driven Closures and Assimilation for Stiff Multiscale Random Dynamics
2025,10.1137/23m157257x,https://epubs.siam.org/doi/10.1137/23m157257x,Yichen Guo,0000-0003-2050-4735,Virginia Tech,Stopping Criteria for the Conjugate Gradient Algorithm in High-Order Finite Element Methods
2025,10.1137/23m1627304,https://epubs.siam.org/doi/10.1137/23m1627304,Salman Ahmadi‐Asl,0000-0002-2614-0146,Innopolis University,Nonnegative Tensor Decomposition via Collaborative Neurodynamic Optimization
2025,10.1137/23m1584514,https://epubs.siam.org/doi/10.1137/23m1584514,Alexey Voronin,0000-0003-1592-0339,University of Illinois Urbana-Champaign,Monolithic Algebraic Multigrid Preconditioners for the Stokes Equations
2025,10.1137/23m1595989,https://epubs.siam.org/doi/10.1137/23m1595989,Hao Dong,0000-0001-5774-9395,Xidian University,Multiscale Method and Convergence Analysis for Coupled Nonlinear Thermomechanical Problems in Heterogeneous Shells
2025,10.1137/24m1660632,https://epubs.siam.org/doi/10.1137/24m1660632,Christopher J. Geoga,0000-0002-5060-4799,University of Wisconsin–Madison,Fast Machine-Precision Spectral Likelihoods for Stationary Time Series
2025,10.1137/23m1595710,https://epubs.siam.org/doi/10.1137/23m1595710,Rüdiger Frey,0000-0002-8402-4653,Vienna University of Economics and Business,Convergence Analysis of the Deep Splitting Scheme: The Case of Partial Integro-Differential Equations and the Associated
2025,10.1137/23m1611087,https://epubs.siam.org/doi/10.1137/23m1611087,Shiheng Zhang,0009-0002-9191-3202,Purdue University West Lafayette,A Relaxed Vector Auxiliary Variable Algorithm for Unconstrained Optimization Problems
2025,10.1137/24m162861x,https://epubs.siam.org/doi/10.1137/24m162861x,Alena Kopaničáková,0000-0001-8388-5518,Université Toulouse III - Paul Sabatier,DeepONet Based Preconditioning Strategies for Solving Parametric Linear Systems of Equations
2025,10.1137/24m1631092,https://epubs.siam.org/doi/10.1137/24m1631092,Nicola Parolini,0000-0002-2497-7276,Politecnico di Milano,Structure-Preserving Neural Networks in Data-Driven Rheological Models
2025,10.1137/24m1654075,https://epubs.siam.org/doi/10.1137/24m1654075,Xun Tang,0000-0002-6990-0168,Stanford University,Solving High-Dimensional Kolmogorov Backward Equations with Functional Hierarchical Tensor Operators
2025,10.1137/23m1570727,https://epubs.siam.org/doi/10.1137/23m1570727,Bastian Zapf,,University of Oslo,Medical Image Registration Using Optimal Control of a Linear Hyperbolic Transport Equation with a DG Discretization
2025,10.1137/23m1596478,https://epubs.siam.org/doi/10.1137/23m1596478,Abhishek Mishra,0009-0009-8896-7024,"University at Buffalo, State University of New York",Stencil Composition for Finite Difference Approximations of Partial Differential Equations
2025,10.1137/24m1642706,https://epubs.siam.org/doi/10.1137/24m1642706,Cu Cui,0000-0003-0341-4447,Heidelberg University,An Implementation of Tensor Product Patch Smoothers on GPUs
2025,10.1137/23m1599562,https://epubs.siam.org/doi/10.1137/23m1599562,Xi Liu,0000-0002-1433-2917,Huazhong University of Science and Technology,A Consistent and Conservative Diffuse-Domain Lattice Boltzmann Method for Multiphase Flows in Complex Geometries
2025,10.1137/24m1661777,https://epubs.siam.org/doi/10.1137/24m1661777,Owen Davis,0009-0002-9818-5279,Sandia National Laboratories California,Deep Learning without Global Optimization by Random Fourier Neural Networks
2025,10.1137/24m1634060,https://epubs.siam.org/doi/10.1137/24m1634060,Chen Chang,0000-0002-8553-8736,Tsinghua University,A Second-Order Bound-Preserving Exponential Scheme for Degenerate Parabolic Equations
2025,10.1137/24m1674182,https://epubs.siam.org/doi/10.1137/24m1674182,Maxim A. Olshanskii,0000-0002-9102-6833,University of Houston,A Narrow Band Finite Element Method for the Level Set Equation
2025,10.1137/23m1600943,https://epubs.siam.org/doi/10.1137/23m1600943,Villiam Bortolotti,0000-0002-9419-1965,University of Bologna,Uniform Multipenalty Regularization for Linear Ill-Posed Inverse Problems
2025,10.1137/24m1669669,https://epubs.siam.org/doi/10.1137/24m1669669,Jordi Wolfson-Pou,0009-0003-2952-2996,Intel (United States),Asynchronous Semi-iterative Methods and the Asynchronous Chebyshev Method with Multigrid Preconditioning
2025,10.1137/24m1642627,https://epubs.siam.org/doi/10.1137/24m1642627,Jianfeng Ning,0000-0002-0035-4218,Wuhan University,A Direct Sampling Method and Its Integration with Deep Learning for Inverse Scattering Problems with Phaseless Data
2025,10.1137/23m1600797,https://epubs.siam.org/doi/10.1137/23m1600797,Lei Xu,0000-0001-8760-5608,Chinese Academy of Sciences,Towards Megacity-Scale Wind Flow Simulations on Many-Core CPU-Accelerator Systems
2025,10.1137/24m1662503,https://epubs.siam.org/doi/10.1137/24m1662503,Jindong Wang,0000-0002-4833-0880,Peking University,A Robust Solver for \({H}\)\((\textrm {curl})\) Convection-Diffusion and Its Local Fourier Analysis
2025,10.1137/23m156121x,https://epubs.siam.org/doi/10.1137/23m156121x,Fatemeh Yaghoobi,0000-0002-7329-1537,Aalto University,Parallel Square-Root Statistical Linear Regression for Inference in Nonlinear State Space Models
2025,10.1137/23m1627729,https://epubs.siam.org/doi/10.1137/23m1627729,Roy H. Goodman,0000-0001-9057-6705,New Jersey Institute of Technology,QGLAB: A MATLAB Package for Computations on Quantum Graphs
2025,10.1137/24m1636071,https://epubs.siam.org/doi/10.1137/24m1636071,Christian Jacobsen,0000-0002-7502-9831,University of Michigan,CoCoGen: Physically Consistent and Conditioned Score-Based Generative Models for Forward and Inverse Problems
2025,10.1137/24m1633467,https://epubs.siam.org/doi/10.1137/24m1633467,Yuan Chen,0000-0001-5914-7945,The Ohio State University,On Enforcing Nonnegativity in Polynomial Approximations in High Dimensions
2025,10.1137/24m1637416,https://epubs.siam.org/doi/10.1137/24m1637416,Albert Jiménez‐Ramos,0000-0002-6537-149X,Barcelona Supercomputing Center,Approximating Optimal Points of a Lebesgue Constant Proxy for Interpolation in the Simplex
2025,10.1137/24m164553x,https://epubs.siam.org/doi/10.1137/24m164553x,Lizhen Qin,,Nanjing Tech University,A Parallel Domain Decomposition Method for Solving Elliptic Equations on Manifolds
2025,10.1137/24m1668809,https://epubs.siam.org/doi/10.1137/24m1668809,Jaemin Oh,0000-0003-1648-8656,Texas A&M University,Separable Physics-Informed Neural Networks for Solving the BGK Model of the Boltzmann Equation
2025,10.1137/23m1602280,https://epubs.siam.org/doi/10.1137/23m1602280,Kai Cheng,0000-0003-1243-7093,Technical University of Munich,Adaptive Data-Driven Probabilistic Reduced-Order Models for Parameterized Dynamical Systems
2025,10.1137/23m1625767,https://epubs.siam.org/doi/10.1137/23m1625767,Shimin Guo,0000-0002-6954-2647,Xi'an Jiaotong University,IMEX Hermite–Galerkin Spectral Method for Incompressible Hall-Magnetohydrodynamic Flow with Variable Density
2025,10.1137/24m1677629,https://epubs.siam.org/doi/10.1137/24m1677629,James H. Adler,0000-0002-6603-8840,Tufts University,Improving Greedy Algorithms for Rational Approximation
2025,10.1137/23m161598x,https://epubs.siam.org/doi/10.1137/23m161598x,Alexander O. Kleb,0000-0003-2573-3924,University of Michigan,Automatic Difference Operators for the Eikonal Equation
2025,10.1137/24m1642184,https://epubs.siam.org/doi/10.1137/24m1642184,Sebastián Acosta,0000-0003-4935-5534,Texas Children's Hospital,A New Interpolated Pseudodifferential Preconditioner for the Helmholtz Equation in Heterogeneous Media
2025,10.1137/23m1623707,https://epubs.siam.org/doi/10.1137/23m1623707,Jae Yong Lee,0000-0003-0193-545X,Chung-Ang University,Finite Element Operator Network for Solving Elliptic-Type Parametric PDEs
2025,10.1137/24m1688540,https://epubs.siam.org/doi/10.1137/24m1688540,Ivan Bioli,0009-0003-1172-4362,University of Pavia,Preconditioned Low-Rank Riemannian Optimization for Symmetric Positive Definite Linear Matrix Equations
2025,10.1137/24m1668159,https://epubs.siam.org/doi/10.1137/24m1668159,Joe Kileel,0000-0001-9926-9170,The University of Texas at Austin,Fast Expansion Into Harmonics on the Ball
2025,10.1137/23m1615425,https://epubs.siam.org/doi/10.1137/23m1615425,Jiaxi Zhao,0000-0003-2846-4280,National University of Singapore,Mitigating Distribution Shift in Machine Learning–Augmented Hybrid Simulation
2025,10.1137/24m1646844,https://epubs.siam.org/doi/10.1137/24m1646844,Martin J. Gander,0000-0001-8450-9223,University of Geneva,Optimized Schwarz Methods for Biharmonic Equations
2025,10.1137/23m1622921,https://epubs.siam.org/doi/10.1137/23m1622921,Joseph Nakao,0009-0008-6589-4013,Swarthmore College,Reduced Augmentation Implicit Low-Rank (RAIL) Integrators for Advection-Diffusion and Fokker–Planck Models
2025,10.1137/24m1651903,https://epubs.siam.org/doi/10.1137/24m1651903,Rishabh Rajendra Bhatt,0000-0001-7061-1817,Institut polytechnique de Grenoble,Introducing Time Parallelization Within Data Assimilation
2025,10.1137/24m1663843,https://epubs.siam.org/doi/10.1137/24m1663843,D. P. Schneider,0000-0002-3487-9688,University of Stuttgart,Efficient Partition-of-Unity Radial-Basis-Function Interpolation for Coupled Problems
2025,10.1137/23m1598908,https://epubs.siam.org/doi/10.1137/23m1598908,Rong Du,0000-0002-9140-2894,The University of Queensland,Fourier Neural Network Approximation of Transition Densities in Finance
2025,10.1137/23m1618193,https://epubs.siam.org/doi/10.1137/23m1618193,Alexander Heinlein,0000-0003-1578-8104,Delft University of Technology,Algebraic Construction of Adaptive Coarse Spaces for Two-Level Schwarz Preconditioners
2025,10.1137/24m1646789,https://epubs.siam.org/doi/10.1137/24m1646789,Wei Hou,0000-0001-8023-6395,California Institute of Technology,Fast and Robust Method for Screened Poisson Lattice Green’s Function Using Asymptotic Expansion and Fast Fourier Transfo
2025,10.1137/24m1649824,https://epubs.siam.org/doi/10.1137/24m1649824,Harpal Singh,,Indian Institute of Technology Roorkee,Divergence Conforming DG Method for the Optimal Control of the Oseen Equation with Variable Viscosity
2025,10.1137/23m1624130,https://epubs.siam.org/doi/10.1137/23m1624130,Michael Ackermann,0000-0003-3581-6299,Virginia Tech,Frequency-Based Reduced Models from Purely Time-Domain Data via Data Informativity
2025,10.1137/24m167799x,https://epubs.siam.org/doi/10.1137/24m167799x,Zhuoyun Li,0000-0003-3435-7633,Southern University of Science and Technology,"Spectral Volume from a Discontinuous Galerkin Perspective: Oscillation Elimination, Stability, and Optimal Error Estimat"
2025,10.1137/23m1598544,https://epubs.siam.org/doi/10.1137/23m1598544,Stephen Thomas,,Advanced Micro Devices (United States),Augmented MGS-CGS Block-Arnoldi Recycling Solvers
2025,10.1137/24m1643232,https://epubs.siam.org/doi/10.1137/24m1643232,Qian Zhang,0000-0002-4652-0699,Brown University,Artificial to Spiking Neural Networks Conversion with Calibration in Scientific Machine Learning
2025,10.1137/24m1632279,https://epubs.siam.org/doi/10.1137/24m1632279,Yuchen Lou,,Northwestern University,Design Guidelines for Noise-Tolerant Optimization with Applications in Robust Design
2025,10.1137/24m1675849,https://epubs.siam.org/doi/10.1137/24m1675849,Yunhui He,0000-0003-3476-2487,University of Houston,A Preconditioner for the Grad-Div Stabilized Equal-Order Finite Elements Discretizations of the Oseen Problem
2025,10.1137/24m1683809,https://epubs.siam.org/doi/10.1137/24m1683809,Sivaram Ambikasaran,0000-0003-2978-6281,Robert Bosch (India),A Hybrid Interpolation ACA Accelerated Method for Parabolic Boundary Integral Operators
2025,10.1137/24m1695336,https://epubs.siam.org/doi/10.1137/24m1695336,Michael V. Klibanov,0000-0001-5179-6879,University of North Carolina at Charlotte,Convexification for the 3D Problem of Travel Time Tomography
2025,10.1137/24m1644699,https://epubs.siam.org/doi/10.1137/24m1644699,Angelo A. Casulli,0000-0003-4068-5502,Gran Sasso Science Institute,A Low-Memory Lanczos Method with Rational Krylov Compression for Matrix Functions
2025,10.1137/24m1658620,https://epubs.siam.org/doi/10.1137/24m1658620,Thivin Anandh,0000-0003-4969-3242,Indian Institute of Science Bangalore,FastVPINNs: Tensor-Driven Acceleration of VPINNs for Complex Geometries
2025,10.1137/24m1667336,https://epubs.siam.org/doi/10.1137/24m1667336,Lidia Aceto,0000-0002-4537-2444,Università degli Studi del Piemonte Orientale “Amedeo Avogadro”,Modified TASE Runge–Kutta Methods for Integrating Stiff Differential Equations
2025,10.1137/24m1678167,https://epubs.siam.org/doi/10.1137/24m1678167,Michael Ackermann,0000-0003-3581-6299,Virginia Tech,Time-Domain Iterative Rational Krylov Method
2025,10.1137/23m1612512,https://epubs.siam.org/doi/10.1137/23m1612512,Mirco Ciallella,0000-0002-7514-301X,Université Paris Cité,Semi-implicit Eulerian Method for the Fluid Structure Interaction of Elastic Membranes
2025,10.1137/23m1601249,https://epubs.siam.org/doi/10.1137/23m1601249,Ming-Chih Lai,,National Yang Ming Chiao Tung University,The Hard-Constraint PINNs for Interface Optimal Control Problems
2025,10.1137/24m165805x,https://epubs.siam.org/doi/10.1137/24m165805x,Brian Sweeney,0009-0004-5275-520X,Arizona State University,Parameter Selection by GCV and a \(\boldsymbol {\chi^2}\) Test within Iterative Methods for \(\boldsymbol{\ell_1}\)-Regu
2025,10.1137/24m1679288,https://epubs.siam.org/doi/10.1137/24m1679288,Ahsan Ali,0009-0002-9169-5129,University of New Mexico,Generalized Optimal AMG Convergence Theory for Nonsymmetric and Indefinite Problems
2025,10.1137/24m1656694,https://epubs.siam.org/doi/10.1137/24m1656694,Heather Wilber,,University of Washington Applied Physics Laboratory,Superfast Direct Inversion of the Nonuniform Discrete Fourier Transform via Hierarchically Semiseparable Least Squares
2025,10.1137/24m1665209,https://epubs.siam.org/doi/10.1137/24m1665209,Kobe Bruyninckx,0000-0003-2063-2948,KU Leuven,Uniform \(\mathcal {H}\)-Matrix Compression with Applications to Boundary Integral Equations
2025,10.1137/24m1674030,https://epubs.siam.org/doi/10.1137/24m1674030,Xingjie Helen Li,0000-0002-6955-0954,University of North Carolina at Charlotte,Robust First- and Second-Order Differentiation for Regularized Optimal Transport
2025,10.1137/23m1600414,https://epubs.siam.org/doi/10.1137/23m1600414,Tyler Chen,0000-0002-1187-1026,New York University,Randomized Matrix-Free Quadrature: Unified and Uniform Bounds for Stochastic Lanczos Quadrature and the Kernel Polynomia
2025,10.1137/24m1660024,https://epubs.siam.org/doi/10.1137/24m1660024,Tom-Christian Riemer,,Chemnitz University of Technology,IETI-Based Low-Rank Method for PDE-Constrained Optimization
2025,10.1137/24m168427x,https://epubs.siam.org/doi/10.1137/24m168427x,Liang Chen,0000-0003-0398-4669,Hunan University,A Dynamical Variable-Separation Method for Parameter-Dependent Dynamical Systems
2025,10.1137/24m1654397,https://epubs.siam.org/doi/10.1137/24m1654397,Chen Cui,0000-0002-1735-5014,Hunan University of Science and Technology,A Neural Multigrid Solver for Helmholtz Equations with High Wavenumber and Heterogeneous Media
2025,10.1137/24m1674054,https://epubs.siam.org/doi/10.1137/24m1674054,Jingwei Hu,0000-0001-6792-6711,University of Washington Applied Physics Laboratory,Fully Discrete Energy-Dissipative and Conservative Discrete Gradient Particle Methods for a Class of Continuity Equation
2025,10.1137/23m1625962,https://epubs.siam.org/doi/10.1137/23m1625962,Michał Wichrowski,0000-0002-3644-3917,Heidelberg University,Smoothers with Localized Residual Computations for Geometric Multigrid Methods for Higher-Order Finite Elements
2025,10.1137/24m1683998,https://epubs.siam.org/doi/10.1137/24m1683998,Taejun Park,0000-0001-8759-6705,University of Oxford,Low-Rank Approximation of Parameter-Dependent Matrices via CUR Decomposition
2025,10.1137/24m1683184,https://epubs.siam.org/doi/10.1137/24m1683184,Siqi Wei,0000-0002-2603-8248,University of Saskatchewan,Improving the Stability and Efficiency of Operator-Splitting Methods
2025,10.1137/24m1653689,https://epubs.siam.org/doi/10.1137/24m1653689,Maximilian Bergbauer,0009-0003-5911-2437,Technical University of Munich,High-Performance Matrix-Free Unfitted Finite Element Operator Evaluation
2025,10.1137/24m1702441,https://epubs.siam.org/doi/10.1137/24m1702441,Sheng Chen,0000-0002-1600-6648,Beijing Normal University,Efficient Spectral-Element Methods in Polar Coordinates for Complex Geometries with Piecewise-Smooth Boundaries
2025,10.1137/24m1685699,https://epubs.siam.org/doi/10.1137/24m1685699,Rawin Youngnoi,,Thammasat University,Improving Convergence in Stochastic Galerkin Finite Element Methods via Truncation Preconditioners
2025,10.1137/24m1687042,https://epubs.siam.org/doi/10.1137/24m1687042,Leila Taghizadeh,0000-0001-6040-1787,Hochschule Campus Wien,Bayesian Inversion for the Identification of the Doping Profile in Unipolar Semiconductor Devices
2025,10.1137/24m1638768,https://epubs.siam.org/doi/10.1137/24m1638768,Zheyuan Hu,0000-0002-0116-9874,National University of Singapore,Score-Based Physics-Informed Neural Networks for High-Dimensional Fokker–Planck Equations
2025,10.1137/24m1667683,https://epubs.siam.org/doi/10.1137/24m1667683,Weizhu Bao,0000-0003-3418-9625,National University of Singapore,A Normalized Gradient Flow Method for Computing Ground States of Spin-2 Bose–Einstein Condensates
2025,10.1137/23m1608203,https://epubs.siam.org/doi/10.1137/23m1608203,Wansheng Wang,0000-0002-2128-7501,Shanghai Normal University,Deep Learning Numerical Methods for High-Dimensional Quasilinear PIDEs and Coupled FBSDEs with Jumps
2025,10.1137/24m1652532,https://epubs.siam.org/doi/10.1137/24m1652532,Xiaolin Liu,0000-0002-8937-4732,University of Science and Technology of China,Spectral Approximation of Convolution Operators of Fredholm Type
2025,10.1137/24m1658279,https://epubs.siam.org/doi/10.1137/24m1658279,Mark Ainsworth,0000-0002-4899-1048,Brown University,Extended Galerkin Neural Network Approximation of Singular Variational Problems with Error Control
2025,10.1137/24m1687546,https://epubs.siam.org/doi/10.1137/24m1687546,Harald Garcke,0000-0001-5235-2073,University of Regensburg,Structure-Preserving Parametric Finite Element Method for Surface Diffusion Based on Lagrange Multiplier Approaches
2025,10.1137/24m1670755,https://epubs.siam.org/doi/10.1137/24m1670755,Jiajia Guo,0000-0001-6770-1213,University of Michigan,Median Filters for Anisotropic Wetting / Dewetting Problems
2025,10.1137/24m1649009,https://epubs.siam.org/doi/10.1137/24m1649009,Ronald Kriemann,0000-0001-7715-8920,Max Planck Institute for Mathematics in the Sciences,Hierarchical Low-Rank Arithmetic with Floating Point Compression
2025,10.1137/24m1681033,https://epubs.siam.org/doi/10.1137/24m1681033,Wei Cai,0000-0002-7622-4532,Southern Methodist University,SOC-MartNet: A Martingale Neural Network for the Hamilton–Jacobi–Bellman Equation Without Explicit \(\boldsymbol{\inf\no
2025,10.1137/24m1648946,https://epubs.siam.org/doi/10.1137/24m1648946,Chinmay Datar,0009-0005-8991-6262,National Center for Tumor Diseases,Systematic Construction of Continuous-Time Neural Networks for Linear Dynamical Systems
2025,10.1137/24m1682993,https://epubs.siam.org/doi/10.1137/24m1682993,Zhen Zhang,0000-0003-2805-4396,Brown University,A Time-Dependent Symplectic Network for Nonconvex Path Planning Problems with Linear and Nonlinear Dynamics
2025,10.1137/24m1632905,https://epubs.siam.org/doi/10.1137/24m1632905,Hongli Zhao,0000-0001-6729-534X,University of Chicago,Discovery of Linear Representations for Nonautonomous Translation-Invariant Problems
2025,10.1137/23m1621356,https://epubs.siam.org/doi/10.1137/23m1621356,Zheyuan Hu,0000-0002-0116-9874,National University of Singapore,Bias-Variance Trade-Off in Physics-Informed Neural Networks with Randomized Smoothing for High-Dimensional PDEs
2025,10.1137/24m1694781,https://epubs.siam.org/doi/10.1137/24m1694781,Rafael Flock,0009-0005-5816-5566,Technical University of Denmark,Local MALA-within-Gibbs for Bayesian Image Deblurring with Total Variation Prior
2025,10.1137/24m1685869,https://epubs.siam.org/doi/10.1137/24m1685869,Fan Zhang,0000-0003-1201-9246,Beijing Information Science & Technology University,Bound-Preserving and Positivity-Preserving Analysis of Direct Arbitrary Lagrangian-Eulerian Finite Volume Scheme for Com
2025,10.1137/24m165329x,https://epubs.siam.org/doi/10.1137/24m165329x,Zhaoxing Chen,,Hunan Normal University,Nehari Manifold Optimization and Its Application for Finding Unstable Solutions of Semilinear Elliptic PDEs
2025,10.1137/24m1647084,https://epubs.siam.org/doi/10.1137/24m1647084,Shaolin Ji,0000-0001-7420-2738,Shandong University,A Novel Control Method for Solving High-Dimensional Hamiltonian Systems Through Deep Neural Networks
2025,10.1137/24m1708723,https://epubs.siam.org/doi/10.1137/24m1708723,Yue Feng,0000-0002-3895-3283,Xi'an Jiaotong University,Explicit Symmetric Low-Regularity Integrators for the Nonlinear Schrödinger Equation
2025,10.1137/24m1644687,https://epubs.siam.org/doi/10.1137/24m1644687,Chuan Wang,0000-0002-4720-3273,Hong Kong Baptist University,Functional Tensor Singular Value Decomposition
2025,10.1137/24m1687960,https://epubs.siam.org/doi/10.1137/24m1687960,Lloyd N. Trefethen,0000-0003-2504-1709,Harvard University,Computation of Zolotarev Rational Functions
2025,10.1137/23m157956x,https://epubs.siam.org/doi/10.1137/23m157956x,Dingcheng Luo,0000-0003-0466-6902,The University of Texas at Austin,Efficient PDE-Constrained Optimization Under High-Dimensional Uncertainty Using Derivative-Informed Neural Operators
2025,10.1137/24m1645474,https://epubs.siam.org/doi/10.1137/24m1645474,Zhifeng Weng,0000-0003-1836-2264,Huaqiao University,Numerical Approximation of the Nonlocal Ternary Viscous Cahn–Hilliard Model Based on a High Order Explicit Hybrid Algori
2025,10.1137/24m1672699,https://epubs.siam.org/doi/10.1137/24m1672699,Ariana N. Brown,,Emory University,Inner-Product Free Krylov Methods for Large-Scale Inverse Problems
2025,10.1137/24m1661996,https://epubs.siam.org/doi/10.1137/24m1661996,Gianluca Ceruti,,Universität Innsbruck,Low-Rank Tree Tensor Network Operators for Long-Range Pairwise Interactions
2025,10.1137/24m166485x,https://epubs.siam.org/doi/10.1137/24m166485x,Ömer Deniz Akyıldız,0000-0002-5248-1219,Imperial College London,Efficient Prior Calibration from Indirect Data
2025,10.1137/24m1695713,https://epubs.siam.org/doi/10.1137/24m1695713,Shihan Guo,0000-0002-9793-5405,East China Normal University,A Fully Parallelizable Loosely Coupled Scheme for Fluid-Poroelastic Structure Interaction Problems
2025,10.1137/23m1582333,https://epubs.siam.org/doi/10.1137/23m1582333,Bas Symoens,0000-0002-6807-8950,University of Antwerp,ResQPASS: An Algorithm for Bounded Variable Linear Least Squares with Asymptotic Krylov Convergence
2025,10.1137/23m1565206,https://epubs.siam.org/doi/10.1137/23m1565206,Halyun Jeong,0000-0002-3939-353X,Albany State University,Linear Convergence of Reshuffling Kaczmarz Methods with Sparse Constraints
2025,10.1137/24m1677484,https://epubs.siam.org/doi/10.1137/24m1677484,A. Jhansi Rani,0000-0002-5601-5485,Texas Tech University,Efficient Solution of Fully Implicit Runge–Kutta Methods for Linear Wave Equations
2025,10.1137/24m1678374,https://epubs.siam.org/doi/10.1137/24m1678374,Maximilian Penka,0000-0002-2072-2831,Technical University of Munich,Genetic Column Generation for Computing Lower Bounds for Adversarial Classification
2025,10.1137/24m1709017,https://epubs.siam.org/doi/10.1137/24m1709017,Erin Carson,0000-0001-9469-7467,Charles University,A Stable One-Synchronization Variant of Reorthogonalized Block Classical Gram–Schmidt
2025,10.1137/24m1678659,https://epubs.siam.org/doi/10.1137/24m1678659,Zheyu Oliver Wang,0009-0007-0447-5299,American Institute of Aeronautics and Astronautics,Efficient Neural Network Approaches for Conditional Optimal Transport with Applications in Bayesian Inference
2025,10.1137/24m1677307,https://epubs.siam.org/doi/10.1137/24m1677307,Nick Tsipinakis,,Swiss Distance University of Applied Sciences,Multilevel Regularized Newton Methods with Fast Convergence Rates
2025,10.1137/24m1675588,https://epubs.siam.org/doi/10.1137/24m1675588,Alexey Voronin,0000-0003-1592-0339,University of Illinois Urbana-Champaign,Monolithic Multigrid Preconditioners for High-Order Discretizations of Stokes Equations
2025,10.1137/24m1656116,https://epubs.siam.org/doi/10.1137/24m1656116,Shi Jin,0000-0002-8635-7435,Shanghai Jiao Tong University,Schrödingerization Based Computationally Stable Algorithms for Ill-Posed Problems in Partial Differential Equations
2025,10.1137/24m1677599,https://epubs.siam.org/doi/10.1137/24m1677599,Mark Embree,0000-0001-6456-9317,Virginia Tech,Polynomial Approximation to the Inverse of a Large Matrix
2025,10.1137/24m1686991,https://epubs.siam.org/doi/10.1137/24m1686991,Kyriakos Georgiou,0000-0001-7549-2298,Ingegneria dei Trasporti (Italy),Fredholm Neural Networks
2025,10.1137/24m1672560,https://epubs.siam.org/doi/10.1137/24m1672560,Robert D. Falgout,0000-0003-4884-0087,Lawrence Livermore National Laboratory,Toward an Algebraic Multigrid Method for the Indefinite Helmholtz Equation
2025,10.1137/24m1670421,https://epubs.siam.org/doi/10.1137/24m1670421,Qiao Chen,0000-0002-9814-6838,Institut polytechnique de Grenoble,Coupled Input-Output Dimension Reduction: Application to Goal-oriented Bayesian Experimental Design and Global Sensitivi
2025,10.1137/24m1698663,https://epubs.siam.org/doi/10.1137/24m1698663,Guanghui Hu,0000-0003-1522-1888,University of Macau,A Gradient Flow Model for Ground State Calculations in Wigner Formalism Based on Density Functional Theory
2025,10.1137/24m1719049,https://epubs.siam.org/doi/10.1137/24m1719049,Guozhi Dong,0000-0002-9674-6143,Central South University,Accelerated Gradient Flows for Large Bending Deformations of Nonlinear Plates
2025,10.1137/24m1664186,https://epubs.siam.org/doi/10.1137/24m1664186,Han D. Tran,0009-0003-4045-6109,Texas A&M University,Parallel Computation of the Phonon Boltzmann Transport Equation for Simulation of Frequency Domain Thermo-reflectance (F
2025,10.1137/24m1704488,https://epubs.siam.org/doi/10.1137/24m1704488,Yvan Notay,0000-0001-7176-4890,Université Libre de Bruxelles,An Algebraic Multigrid Method for Oseen Problems
2025,10.1137/24m1692228,https://epubs.siam.org/doi/10.1137/24m1692228,Jeffrey S. Ovall,0000-0003-1944-2872,Portland State University,A Canonical Gauge for Computing of Eigenpairs of the Magnetic Schrödinger Operator
2025,10.1137/24m1695919,https://epubs.siam.org/doi/10.1137/24m1695919,Yali Gao,0000-0001-8308-2475,Northwestern Polytechnical University,A Stabilized Arbitrary Lagrangian–Eulerian Sliding Interface Method for Fluid-Structure Interaction with a Rotating Rigi
2025,10.1137/25m1722548,https://epubs.siam.org/doi/10.1137/25m1722548,Baojun Che,,Peking University,Stable Derivative Free Gaussian Mixture Variational Inference for Bayesian Inverse Problems
2025,10.1137/24m1674832,https://epubs.siam.org/doi/10.1137/24m1674832,Aidi Li,,Zhejiang University,A New Rational Approximation Algorithm via the Empirical Interpolation Method
2025,10.1137/24m1716069,https://epubs.siam.org/doi/10.1137/24m1716069,Xin Liu,0000-0001-8323-7289,Tianjin University,An Efficient High-Order Compact Splitting Spectral Method for Dipolar Bose-Einstein Condensates with Arbitrary-Angle Rot
2025,10.1137/24m1638501,https://epubs.siam.org/doi/10.1137/24m1638501,Tommaso Buvoli,0000-0002-6569-239X,Tulane University,A New Class of Runge–Kutta Methods for Nonlinearly Partitioned Systems
2025,10.1137/24m1644559,https://epubs.siam.org/doi/10.1137/24m1644559,Stéphane Del Pino,,Commissariat à l'Énergie Atomique et aux Énergies Alternatives,An Implicit Well-Posed Lagrangian Scheme for Nonviscous Compressible Fluids in High Dimension
2025,10.1137/24m1675990,https://epubs.siam.org/doi/10.1137/24m1675990,Zhang Shi-jun,0000-0003-4115-7891,Hong Kong Polytechnic University,Structured and Balanced Multicomponent and Multilayer Neural Networks
2025,10.1137/24m1660838,https://epubs.siam.org/doi/10.1137/24m1660838,Xiaotao Zhang,0009-0002-3607-6528,Institute of Applied Physics and Computational Mathematics,A Second-Order Modified Ghost Fluid Method (2nd-MGFM) for 2D Planar and Axisymmetric Compressible Multimedium Flows
2025,10.1137/24m1677204,https://epubs.siam.org/doi/10.1137/24m1677204,Zhitao Zhu,0000-0002-2018-6098,Peking University,APTT: Accuracy-Preserved Tensor-Train Method for the Boltzmann-BGK Equation
2025,10.1137/21m1450112,https://epubs.siam.org/doi/10.1137/21m1450112,Youngdae Kim,0000-0002-0120-7965,Ulsan National Institute of Science and Technology,Leveraging GPU Batching for Scalable Nonlinear Programming through Massive Lagrangian Decomposition
2025,10.1137/24m1654750,https://epubs.siam.org/doi/10.1137/24m1654750,Bo Lin,0000-0002-5081-3419,National University of Singapore,A Deep Learning Method for Computing Committor Functions with Adaptive Sampling
2025,10.1137/24m1632139,https://epubs.siam.org/doi/10.1137/24m1632139,James Chok,0000-0002-8045-1674,Maxwell Institute for Mathematical Sciences,Rational Function Approximation with Normalized Positive Denominators
2025,10.1137/24m171084x,https://epubs.siam.org/doi/10.1137/24m171084x,Yunxia Sun,,Xinjiang University,Fourth- and Higher-Order Semi-Lagrangian Finite Volume Methods for the Two-Dimensional Advection Equation on Arbitrarily
2025,10.1137/23m1624828,https://epubs.siam.org/doi/10.1137/23m1624828,Sawyer Jack Robertson,0000-0002-4746-3075,UC San Diego Health System,On a Generalization of Wasserstein Distance and the Beckmann Problem to Connection Graphs
2025,10.1137/24m1716161,https://epubs.siam.org/doi/10.1137/24m1716161,Nedialko S. Nedialkov,0000-0001-8697-4428,McMaster University,Sub-ODEs Simplify Taylor Series Algorithms for Ordinary Differential Equations
2025,10.1137/24m1714149,https://epubs.siam.org/doi/10.1137/24m1714149,Alexios A. Michailidis,0000-0002-8443-1064,Max Planck Computing and Data Facility,Element-wise Multiplication of Tensor Trains
2025,10.1137/24m1673097,https://epubs.siam.org/doi/10.1137/24m1673097,Sriramkrishnan Muralikrishnan,0000-0002-5494-1880,Forschungszentrum Jülich,Error Analysis and Parallel Scaling Study of a Parareal Parallel-in-Time Integration Algorithm for Particle-in-Fourier S
2025,10.1137/24m1694999,https://epubs.siam.org/doi/10.1137/24m1694999,Alberto Bucci,0009-0002-7550-6025,University of Pisa,Randomized Sketched TT-GMRES for Linear Systems with Tensor Structure
2025,10.1137/24m1673310,https://epubs.siam.org/doi/10.1137/24m1673310,Oliver A. Krzysik,0000-0001-7880-6512,Los Alamos National Laboratory,Parallel-in-Time Solution of Hyperbolic PDE Systems via Characteristic-Variable Block Preconditioning
2025,10.1137/25m1725280,https://epubs.siam.org/doi/10.1137/25m1725280,Sheng Gui,0000-0003-0739-9221,Academy of Mathematics and Systems Science,A Nonnested Augmented Subspace Method for the Poisson–Boltzmann Equation
2025,10.1137/24m1712539,https://epubs.siam.org/doi/10.1137/24m1712539,Aurya Javeed,0000-0002-8174-5076,Sandia National Laboratories California,A Preconditioner for Spectral Collocation
2025,10.1137/24m1683172,https://epubs.siam.org/doi/10.1137/24m1683172,Sreeram Venkat,0000-0001-8622-1063,The University of Texas at Austin,Fast and Scalable FFT-Based GPU-Accelerated Algorithms for Block-Triangular Toeplitz Matrices with Application to Linear
2025,10.1137/24m1674108,https://epubs.siam.org/doi/10.1137/24m1674108,Daniel A. Serino,0000-0001-5413-650X,Los Alamos National Laboratory,An Adaptive Newton-Based Free-Boundary Grad–Shafranov Solver
2025,10.1137/24m1679756,https://epubs.siam.org/doi/10.1137/24m1679756,Melina A. Freitag,0000-0002-4539-2162,University of Potsdam,Learning Stochastic Reduced Models from Data: A Nonintrusive Approach
2025,10.1137/24m1711832,https://epubs.siam.org/doi/10.1137/24m1711832,Nicolas Nytko,0009-0001-8388-7908,University of Illinois Urbana-Champaign,Optimized Sparse Matrix Operations for Reverse Mode Automatic Differentiation
2025,10.1137/24m1699589,https://epubs.siam.org/doi/10.1137/24m1699589,Yanfang Liu,0009-0001-5025-7459,Middle Tennessee State University,A Training-Free Conditional Diffusion Model for Learning Stochastic Dynamical Systems
2025,10.1137/24m1667245,https://epubs.siam.org/doi/10.1137/24m1667245,Long Chen,0000-0002-7345-5116,"University of California, Irvine",Transformed Primal-Dual Methods with Variable Preconditioners
2025,10.1137/24m1663867,https://epubs.siam.org/doi/10.1137/24m1663867,Y. K. Lin,0000-0002-1236-8617,Shanghai Jiao Tong University,On a Class of Multifidelity Methods for the Semiclassical Schrödinger Equation with Uncertainties
2025,10.1137/24m1696305,https://epubs.siam.org/doi/10.1137/24m1696305,Sara Avesani,,Università della Svizzera italiana,Multiscale Scattered Data Analysis in Samplet Coordinates
2025,10.1137/24m1720159,https://epubs.siam.org/doi/10.1137/24m1720159,Apoorv Srivastava,0000-0003-2317-599X,Stanford University,Information Worth and Assimilation of Binary Data
2025,10.1137/24m1672894,https://epubs.siam.org/doi/10.1137/24m1672894,Zhiqiang Cai,0000-0002-3775-7248,Purdue University West Lafayette,Efficient Shallow Ritz Method for One-Dimensional Diffusion-Reaction Problems
2025,10.1137/24m1659327,https://epubs.siam.org/doi/10.1137/24m1659327,Nils Schild,0009-0000-5048-4814,Max Planck Institute for Plasma Physics,Convergence of Splitting Methods on Rotating Grids for the Magnetized Vlasov Equation
2025,10.1137/24m1687595,https://epubs.siam.org/doi/10.1137/24m1687595,Raphael S. Fernandes,,University of Leicester,Level-Set Shape Optimization via Polytopic Discontinuous Galerkin Methods
2025,10.1137/24m1699747,https://epubs.siam.org/doi/10.1137/24m1699747,Awad H. Al-Mohy,0000-0002-4722-3864,King Khalid University,A New Algorithm for Computing the Exponential of a Block Triangular Matrix
2025,10.1137/24m1676922,https://epubs.siam.org/doi/10.1137/24m1676922,Feng Xue,0000-0003-0728-7502,"University of California, Davis",Convergence Analysis of the Alternating Anderson–Picard Method for Nonlinear Fixed-Point Problems
2025,10.1137/25m172848x,https://epubs.siam.org/doi/10.1137/25m172848x,Martin J. Gander,0000-0001-8450-9223,University of Geneva,Erratum: Spectral Analysis of Implicit \(\boldsymbol{s}\)-Stage Block Runge–Kutta Preconditioners
2025,10.1137/24m1691818,https://epubs.siam.org/doi/10.1137/24m1691818,Zhenning Cai,0000-0002-7086-7983,National University of Singapore,Symmetric Gauss–Seidel Method with a Preconditioned Fixed-Point Iteration for the Steady-State Boltzmann Equation
2025,10.1137/24m1717270,https://epubs.siam.org/doi/10.1137/24m1717270,Paul Schwerdtner,0000-0001-8761-9217,Courant Institute of Mathematical Sciences,Empirical Sparse Regression on Quadratic Manifolds
2025,10.1137/24m1695063,https://epubs.siam.org/doi/10.1137/24m1695063,Yongle Liu,0000-0002-6197-957X,University of Zurich,A Well-balanced Point-Average-Moment PolynomiAl-Interpreted (PAMPA) Method for Shallow Water Equations with Horizontal T
2025,10.1137/24m1685055,https://epubs.siam.org/doi/10.1137/24m1685055,M. R. Haas,,University of Bonn,Finite Element-Based Space-Time Total-Variation-Type Regularization of the Inverse Problem in Electrocardiographic Imagi
2025,10.1137/24m1715222,https://epubs.siam.org/doi/10.1137/24m1715222,Zhen Hao,0009-0009-9871-272X,Wuhan University,An Efficient Asymptotic-Preserving Scheme for the Boltzmann Mixture with Disparate Mass
2025,10.1137/24m1630268,https://epubs.siam.org/doi/10.1137/24m1630268,Oliver A. Krzysik,0000-0001-7880-6512,Los Alamos National Laboratory,Parallel-in-Time Solution of Scalar Nonlinear Conservation Laws
2025,10.1137/24m1672341,https://epubs.siam.org/doi/10.1137/24m1672341,Petr Tichavský,0000-0003-0621-4766,"Czech Academy of Sciences, Institute of Information Theory and Automation",Discrete Time Dynamic Programming Using Tensor Trains
2025,10.1137/23m1609142,https://epubs.siam.org/doi/10.1137/23m1609142,Ignace Bossuyt,0000-0003-2066-400X,KU Leuven,Monte Carlo–Moments Micro-Macro Parareal Method for Unimodal and Bimodal Scalar McKean–Vlasov SDEs
2025,10.1137/25m1726467,https://epubs.siam.org/doi/10.1137/25m1726467,Xingbang Cui,0000-0001-6336-896X,Hong Kong Polytechnic University,Bilevel Optimization with Convex Majorant Approach for Training Sparse Neural Networks
2025,10.1137/25m1740073,https://epubs.siam.org/doi/10.1137/25m1740073,Esteban Henríquez,0000-0002-0243-0368,University of Waterloo,Parameter-Robust Preconditioning for Hybridizable Symmetric Discretizations
2025,10.1137/24m1712412,https://epubs.siam.org/doi/10.1137/24m1712412,Gauthier Wissocq,0000-0001-8012-8546,University of Zurich,A Positive- And Bound-Preserving Vectorial Lattice Boltzmann Method in Two Dimensions
2025,10.1137/24m1718093,https://epubs.siam.org/doi/10.1137/24m1718093,Devika Khurana,,Johannes Kepler University of Linz,Exact Simulation of the First-Passage Time of Diffusions to Time-Dependent Thresholds
2025,10.1137/24m1670913,https://epubs.siam.org/doi/10.1137/24m1670913,Leon Baeck,0000-0003-4859-1041,Fraunhofer Institute for Industrial Mathematics,A Novel Deflation Approach for Topology Optimization and Application for Optimization of Bipolar Plates of Electrolysis 
2025,10.1137/24m1697566,https://epubs.siam.org/doi/10.1137/24m1697566,Philip Charles,0009-0002-8387-8427,"University of Maryland, College Park",Learning WENO for Entropy Stable Schemes to Solve Conservation Laws
2025,10.1137/24m1720172,https://epubs.siam.org/doi/10.1137/24m1720172,Zhizhang Wu,,University of Hong Kong,Computing Large Deviation Rate Functions of Entropy Production for Diffusion Processes by an Interacting Particle Method
2025,10.1137/24m1663648,https://epubs.siam.org/doi/10.1137/24m1663648,Guglielmo Gattiglio,0009-0008-0040-7253,University of Warwick,Nearest Neighbors GParareal: Improving Scalability of Gaussian Processes for Parallel-in-Time Solvers
2025,10.1137/24m1696950,https://epubs.siam.org/doi/10.1137/24m1696950,Felipe Lepe,0000-0002-7929-9572,University of Bío-Bío,A Mixed Finite Element Method for the Velocity-Pseudostress Formulation of the Oseen Eigenvalue Problem
2025,10.1137/24m1672870,https://epubs.siam.org/doi/10.1137/24m1672870,William A. Sands,0000-0003-3643-4751,University of Delaware,High-Order Adaptive Rank Integrators for Multiscale Linear Kinetic Transport Equations in the Hierarchical Tucker Format
2025,10.1137/25m172803x,https://epubs.siam.org/doi/10.1137/25m172803x,Yuxiao Wei,,Hong Kong University of Science and Technology,A Uniformly Accurate Diffeomorphic Embedding Method for Solving Eikonal Equations on Implicit Surfaces
2025,10.1137/24m1689016,https://epubs.siam.org/doi/10.1137/24m1689016,Shiheng Zhang,0009-0002-9191-3202,University of Washington Applied Physics Laboratory,SAV-Based Entropy-Dissipative Schemes for a Class of Kinetic Equations
2025,10.1137/24m1673899,https://epubs.siam.org/doi/10.1137/24m1673899,Ling Liang,0000-0003-0671-9561,Knoxville College,Nesterov’s Accelerated Jacobi-Type Methods for Large-Scale Symmetric Positive Semidefinite Linear Systems
2025,10.1137/25m1730193,https://epubs.siam.org/doi/10.1137/25m1730193,Yesom Park,0009-0001-4068-8474,"University of California, Los Angeles",Neural Implicit Solution Formula for Efficiently Solving Hamilton–Jacobi Equations
2025,10.1137/25m1735585,https://epubs.siam.org/doi/10.1137/25m1735585,Ettaouchi El Mehdi,,Électricité de France (France),Convergence Analysis of Overlapping Domain Decomposition Preconditioners for Nonlinear Problems
2025,10.1137/24m1681434,https://epubs.siam.org/doi/10.1137/24m1681434,Max Hirsch,,"University of California, Berkeley",Neural Empirical Interpolation Method for Nonlinear Model Reduction
2025,10.1137/24m1696603,https://epubs.siam.org/doi/10.1137/24m1696603,Magnus Appel,,University of Southern Denmark,One-Shot Parareal Approach for Topology Optimization of Transient Heat Flow
2025,10.1137/24m1715015,https://epubs.siam.org/doi/10.1137/24m1715015,Rémi Abgrall,0000-0002-5553-7476,University of Zurich,A Novel and Simple Invariant-Domain-Preserving Framework for PAMPA Scheme: 1D Case
2025,10.1137/24m1698298,https://epubs.siam.org/doi/10.1137/24m1698298,Cory D. Hauck,0000-0001-5559-502X,Oak Ridge National Laboratory,On High-Order/Low-Order and Micro-Macro Methods for Implicit Time-Stepping of the BGK Model
2025,10.1137/23m1579091,https://epubs.siam.org/doi/10.1137/23m1579091,Li Zeng,0000-0002-1201-064X,Fuzhou University,Bounded KRnet and Its Applications to Density Estimation and Approximation
2025,10.1137/25m1734142,https://epubs.siam.org/doi/10.1137/25m1734142,Nils Margenberg,0000-0003-2089-5545,University Hospital Magdeburg,An \(hp\) Multigrid Approach for Tensor-Product Space-Time Finite Element Discretizations of the Stokes Equations
2026,10.1137/24m1695786,https://epubs.siam.org/doi/10.1137/24m1695786,Arne Strehlow,,Heidelberg University,Fast-Convergent Two-Level Restricted Additive Schwarz Methods Based on Optimal Local Approximation Spaces
2026,10.1137/25m1753838,https://epubs.siam.org/doi/10.1137/25m1753838,Guangwei Gao,,Hong Kong Polytechnic University,An Energy-Stable Minimal Deformation Rate Scheme for Mean Curvature Flow and Surface Diffusion
2026,10.1137/24m169312x,https://epubs.siam.org/doi/10.1137/24m169312x,Jiequn Han,0000-0002-3553-7313,Flatiron Health (United States),Deep Picard Iteration for High-Dimensional Nonlinear PDEs
2026,10.1137/25m1726923,https://epubs.siam.org/doi/10.1137/25m1726923,Mingchao Cai,0000-0001-7410-5807,Morgan State University,Parameter-Robust Preconditioners for a Four-Field Thermo-Poroelasticity Model
2026,10.1137/25m1739753,https://epubs.siam.org/doi/10.1137/25m1739753,Mingxing Weng,0000-0003-1264-4236,Shanghai Jiao Tong University,Deep Collocation Method: A Framework for Solving PDEs Using Neural Networks with Error Control
2026,10.1137/24m1694379,https://epubs.siam.org/doi/10.1137/24m1694379,Marco Gambarini,0000-0001-9562-1456,Politecnico di Milano,A Gradient-Flow Approach for Combined Layout-Control Design of Wave Energy Parks
2026,10.1137/24m1647138,https://epubs.siam.org/doi/10.1137/24m1647138,Jianbo Cui,0000-0003-4615-4390,Hong Kong Polytechnic University,A Supervised Learning Scheme for Computing Hamilton–Jacobi Equation via Density Coupling
2026,10.1137/24m1637210,https://epubs.siam.org/doi/10.1137/24m1637210,Robert Gruhlke,0000-0003-3129-9423,Berlin Mathematical School,Reverse Diffusion Sampling with Tensor Train Approximations of Hamilton–Jacobi–Bellman Equations
2026,10.1137/24m1679586,https://epubs.siam.org/doi/10.1137/24m1679586,Alyson Fox,0000-0001-7140-3614,Lawrence Livermore National Laboratory,Enhancing ZFP: A Statistical Approach to Understanding and Reducing Error Bias in a Lossy Floating-Point Compression Alg
2026,10.1137/24m1630773,https://epubs.siam.org/doi/10.1137/24m1630773,Wei Cai,0000-0002-7622-4532,Southern Methodist University,DeepMartNet: A Martingale-Based Deep Neural Network Learning Method for Dirichlet BVPs and Eigenvalue Problems of Ellipt
2026,10.1137/24m1654968,https://epubs.siam.org/doi/10.1137/24m1654968,Ya-Chi Chu,,Stanford University,Randomized Nyström Preconditioned Interior Point-Proximal Method of Multipliers
2026,10.1137/24m1714502,https://epubs.siam.org/doi/10.1137/24m1714502,Gianluca Ceruti,,Universität Innsbruck,A Parallel Basis Update and Galerkin Integrator for Tree Tensor Networks
2026,10.1137/24m1687108,https://epubs.siam.org/doi/10.1137/24m1687108,Tilo Arens,0000-0002-6052-1671,Karlsruhe Institute of Technology,Inverse Electromagnetic Scattering Problems for Long Tubular Objects
2026,10.1137/24m1699309,https://epubs.siam.org/doi/10.1137/24m1699309,Abner J. Salgado,0000-0002-3693-2104,Knoxville College,A Semianalytic Diagonalization Finite Element Method for the Spectral Fractional Laplacian
2026,10.1137/24m1675254,https://epubs.siam.org/doi/10.1137/24m1675254,Anran Jiao,0009-0007-6084-110X,Yale University,Solving Forward and Inverse Partial Differential Equation Problems on Unknown Manifolds via Physics-Informed Neural Oper
2026,10.1137/25m1737791,https://epubs.siam.org/doi/10.1137/25m1737791,Tianai Yin,,Zhejiang Business Technology Institute,A Fast Fourier Spectral Method for the Linearized Boltzmann Collision Operator
2026,10.1137/24m1668639,https://epubs.siam.org/doi/10.1137/24m1668639,Satoru Iwata,,Hokkaido University,Rate Constant Matrix Contraction Method for Stiff Master Equations with Detailed Balance
2026,10.1137/24m171944x,https://epubs.siam.org/doi/10.1137/24m171944x,Daria Sushnikova,0000-0002-5903-6417,King Abdullah University of Science and Technology,\({\mathcal{H}^{2}}\)-MG: A Multigrid Method for Hierarchical Rank Structured Matrices
2026,10.1137/25m1748895,https://epubs.siam.org/doi/10.1137/25m1748895,Zhongshuo Lin,,Peking University,Solving Time-Fractional Partial Integro-Differential Equations Using Tensor Neural Network
2026,10.1137/25m1757411,https://epubs.siam.org/doi/10.1137/25m1757411,Yingshan Duan,,Shanghai Jiao Tong University,Fast Computation of the Fractional Power of a Matrix
2026,10.1137/25m1731381,https://epubs.siam.org/doi/10.1137/25m1731381,Arthur Bawin,0000-0002-8118-6809,Polytechnique Montréal,Isometric Simplices for High-Order Anisotropic Mesh Adaptation. Part I: Definition and Existence of Isometric Triangulat
2026,10.1137/24m1692071,https://epubs.siam.org/doi/10.1137/24m1692071,Volker Mehrmann,0000-0001-5051-2870,Technische Universität Berlin,Minimization of the Pseudospectral Abscissa of a Quadratic Matrix Polynomial
2026,10.1137/25m177031x,https://epubs.siam.org/doi/10.1137/25m177031x,Andrea Cangiani,,Scuola Internazionale Superiore di Studi Avanzati,Corrigendum: \(hp\)-Version Space-Time Discontinuous Galerkin Methods for Parabolic Problems on Prismatic Meshes
2026,10.1137/25m1751360,https://epubs.siam.org/doi/10.1137/25m1751360,Fabien Caubet,0000-0002-6379-3867,Centre National de la Recherche Scientifique,Shape Optimization with Ventcel Transmission Condition: Application to the Design of a Heat Exchanger
2026,10.1137/25m1751360,https://epubs.siam.org/doi/10.1137/25m1751360,Fabien Caubet,0000-0002-6379-3867,Centre National de la Recherche Scientifique,Shape Optimization with Ventcel Transmission Condition: Application to the Design of a Heat Exchanger
2026,10.1137/25m1746999,https://epubs.siam.org/doi/10.1137/25m1746999,Gang Bao,0000-0001-5501-554X,Zhejiang Lab,Computation of Shape Taylor Expansions for Scattering Problems in Two Dimensions
2026,10.1137/24m1660164,https://epubs.siam.org/doi/10.1137/24m1660164,Yannan Chen,0000-0002-3121-3602,South China Normal University,A Direct Method for Computing the Complex-Valued Triple Decomposition of Third-Order Tensors
2026,10.1137/25m1742795,https://epubs.siam.org/doi/10.1137/25m1742795,Josef Martínek,,Heidelberg University,Exploiting Inexact Computations in Multilevel Monte Carlo and Other Sampling Methods
2026,10.1137/24m1696020,https://epubs.siam.org/doi/10.1137/24m1696020,Uwe Naumann,,RWTH Aachen University,Differential Inversion of the Implicit Euler Method
2026,10.1137/25m1730582,https://epubs.siam.org/doi/10.1137/25m1730582,Zhuhan Jiang,0000-0003-3171-1836,Southeast University,A Class of High Order Unconditional Maximum Principle Preserving Extended IFRK Schemes for Allen-Cahn Equation
2026,10.1137/24m1684207,https://epubs.siam.org/doi/10.1137/24m1684207,Ningxin Liu,,Tongji University,Estimate of Koopman Modes and Eigenvalues with Kalman Filter
2026,10.1137/25m1734385,https://epubs.siam.org/doi/10.1137/25m1734385,Aaron Baier-Reinio,,,High-Order Finite Element Methods for Three-Dimensional Multicomponent Convection-Diffusion
2026,10.1137/25m1723487,https://epubs.siam.org/doi/10.1137/25m1723487,Samuele Brunati,,Politecnico di Milano,Coupled Eikonal Problems to Model Cardiac Reentries in Purkinje Network and Myocardium
2026,10.1137/24m164358x,https://epubs.siam.org/doi/10.1137/24m164358x,Arbaz Khan,0000-0001-6625-700X,Indian Institute of Technology Roorkee,Interior Penalty Discontinuous Galerkin Methods for the Nearly Incompressible Elasticity Eigenvalue Problem with Heterog
2026,10.1137/25m1765201,https://epubs.siam.org/doi/10.1137/25m1765201,Adrienne Propp,0000-0002-9640-9323,Stanford University,Discovery of Probabilistic Dirichlet-to-Neumann Maps on Graphs
2026,10.1137/25m1729277,https://epubs.siam.org/doi/10.1137/25m1729277,Wen Huang,0000-0001-8324-2416,Xiamen University,A Preconditioned Riemannian Conjugate Gradient Method to Compute Ground States of Spin-1 Bose–Einstein Condensates
2026,10.1137/24m1674881,https://epubs.siam.org/doi/10.1137/24m1674881,Daniel Kressner,,École Polytechnique Fédérale de Lausanne,On a Randomized Small-Block Lanczos Method for Large-Scale Null Space Computations
2026,10.1137/25m1724213,https://epubs.siam.org/doi/10.1137/25m1724213,Karim Gumerov,,University of Manitoba,Fast Measure Modification of Orthogonal Polynomials via Matrices with Displacement or Hierarchical Off-Diagonal Low-Rank
2026,10.1137/25m1733720,https://epubs.siam.org/doi/10.1137/25m1733720,Fritz Göbel,,Heilbronn University,A BDDC Preconditioner for the Cardiac EMI Model in Three Dimensions
2026,10.1137/25m1753784,https://epubs.siam.org/doi/10.1137/25m1753784,Sage Shaw,,University of Colorado Boulder,Radial Basis Function Techniques for Neural Field Models on Surfaces
2026,10.1137/25m1730697,https://epubs.siam.org/doi/10.1137/25m1730697,Manting Peng,,Southern University of Science and Technology,Oscillation-Eliminating Central DG Schemes on Cartesian Meshes for Hyperbolic Conservation Laws
2026,10.1137/25m1765262,https://epubs.siam.org/doi/10.1137/25m1765262,Awad H. Al-Mohy,0000-0002-4722-3864,King Khalid University,A Scaling and Recovering Algorithm for the Matrix \({\varphi }\)-Functions
2026,10.1137/25m1748536,https://epubs.siam.org/doi/10.1137/25m1748536,Thomas Hagstrom,0000-0002-9775-2051,Southern Methodist University,A Time-Dependent Phase Space Filter for Anisotropic Wave Equations on Unbounded Domains
2026,10.1137/25m1763159,https://epubs.siam.org/doi/10.1137/25m1763159,Socratis Petrides,0000-0002-1284-5495,Lawrence Livermore National Laboratory,Algebraic Multigrid with Filtering: An Efficient Preconditioner for Interior Point Methods in Large-Scale Contact Mechan
2026,10.1137/24m1649861,https://epubs.siam.org/doi/10.1137/24m1649861,Srinivas Eswar,0000-0002-3418-7796,Argonne National Laboratory,Bayesian D-Optimal Experimental Designs via Column Subset Selection
2026,10.1137/25m1744393,https://epubs.siam.org/doi/10.1137/25m1744393,Xiaozhe Hu,0000-0001-7533-0416,Tufts University,Parameter-Robust Preconditioner for Stokes-Darcy Coupled Problem with Lagrange Multiplier
2026,10.1137/24m1722018,https://epubs.siam.org/doi/10.1137/24m1722018,Hamid Mofidi,,Chinese Mathematical Society,Exploring Multiple Timescale Dynamics Using Geometric Singular Perturbation-Informed Neural Networks (GSPINNs)
2026,10.1137/25m1737614,https://epubs.siam.org/doi/10.1137/25m1737614,Hongyu Chen,,"University of California, Davis",Fast and Accurate Intersections on a Sphere
2026,10.1137/25m1732507,https://epubs.siam.org/doi/10.1137/25m1732507,Henrique B. N. Monteiro,,Stanford University,Integral Kernel Methods for Nonlinear Parabolic-Elliptic Systems
2026,10.1137/24m1702593,https://epubs.siam.org/doi/10.1137/24m1702593,Jianan Li,,Southern University of Science and Technology,"Efficient, Decoupled, Second and Third-Order Implicit-Explicit Runge–Kutta Schemes with Original-Form Energy Stability f"
2026,10.1137/24m1670111,https://epubs.siam.org/doi/10.1137/24m1670111,Rongji Li,,ShanghaiTech University,Generalized Moving Least-Squares Methods for Solving Vector-Valued PDEs on Unknown Manifolds
2026,10.1137/25m1752596,https://epubs.siam.org/doi/10.1137/25m1752596,Martina Iannacito,0000-0003-3354-2538,University of Bologna,Solving Eigenvalue Problems in High Dimensions Using Contour Integration and Tensor Train Format
2026,10.1137/24m1691831,https://epubs.siam.org/doi/10.1137/24m1691831,Yuqi Liu,0000-0002-1556-1930,Fudan University,On a Shrink-and-Expand Technique for Symmetric Block Eigensolvers
2026,10.1137/24m1711480,https://epubs.siam.org/doi/10.1137/24m1711480,German Villalobos,,University of Houston,Neural Networks for Bayesian Inverse Problems Governed by a Nonlinear ODE
2026,10.1137/25m1769995,https://epubs.siam.org/doi/10.1137/25m1769995,Wentao Peng,,Xiangtan University,Rank-Inspired Neural Network for Solving Partial Differential Equations
2026,10.1137/25m1784958,https://epubs.siam.org/doi/10.1137/25m1784958,Jiashun Hu,0000-0003-0020-3492,Hong Kong Polytechnic University,Energy Dissipating ALE-MDR Method for Navier–Stokes Free Boundary Problems with Moving Contact Line
2026,10.1137/25m1796230,https://epubs.siam.org/doi/10.1137/25m1796230,Shipeng Mao,0000-0003-4115-6039,Academy of Mathematics and Systems Science,"A Structure-Preserving, Helicity-Conserving High-Order ALE Finite Element Method for Compressible Ideal MHD Systems"
2026,10.1137/25m1725863,https://epubs.siam.org/doi/10.1137/25m1725863,Emmanuel Agullo,0000-0003-0655-6934,Institut national de recherche en sciences et technologies du numérique,Parallel Distributed Out-of-Core Solvers with Low-Rank Compression for Coupled FEM/BEM Systems
2026,10.1137/25m1749347,https://epubs.siam.org/doi/10.1137/25m1749347,Daniel Appelö,0000-0002-0378-4563,Virginia Tech,An \({O(N)}\) Helmholtz Solver Using WaveHoltz and Overset Grids
2026,10.1137/24m1712837,https://epubs.siam.org/doi/10.1137/24m1712837,Michelle Michelle,0000-0003-3903-8092,University of Alberta,A Stable Matrix Version of the Wideband Fast Multipole Method for the 2D Helmholtz Kernel
2026,10.1137/25m1780183,https://epubs.siam.org/doi/10.1137/25m1780183,Lei Jiang,0000-0003-4579-728X,Hunan University,Restricted Additive Schwarz Algorithm with Schur Complement for Bound-Preserving Solution of Geological Carbon Sequestra
2026,10.1137/25m1780274,https://epubs.siam.org/doi/10.1137/25m1780274,Wanli Du,0009-0003-9136-2081,Xi'an Jiaotong University,A Novel Reconstruction Method for Multilayered Elastic Gratings from One-Sided Measurements
2026,10.1137/24m1672869,https://epubs.siam.org/doi/10.1137/24m1672869,Yujie Gong,,University of Macau,Stagnation-Shortening Inexact Newton Method Based on Unsupervised Learning for Highly Nonlinear Algebraic Problems and A
2026,10.1137/24m1713545,https://epubs.siam.org/doi/10.1137/24m1713545,Arnold Reusken,,RWTH Aachen University,Numerical Analysis of a Constrained Strain Energy Minimization Problem
2026,10.1137/24m1673577,https://epubs.siam.org/doi/10.1137/24m1673577,Yuan Gao,,Helmholtz Center for Information Security,AC(\({k}\)): Robust Solution of Laplacian Equations by Randomized Approximate Cholesky Factorization
2026,10.1137/25m1752055,https://epubs.siam.org/doi/10.1137/25m1752055,Young Jae Jeon,0000-0001-9570-282X,Kyung Hee University,Neural Network Tearing and Interconnecting Methods for PDEs
2026,10.1137/24m1693623,https://epubs.siam.org/doi/10.1137/24m1693623,Jie Ding,,Jiangnan University,Entropy Increasing Numerical Methods for Prediction of Reversible and Irreversible Heating in Supercapacitors
2026,10.1137/24m1639579,https://epubs.siam.org/doi/10.1137/24m1639579,Tommaso Taddei,0000-0002-3134-3730,Sapienza University of Rome,Erratum: A Registration Method for Model Order Reduction: Data Compression and Geometry Reduction
2026,10.1137/25m1817959,https://epubs.siam.org/doi/10.1137/25m1817959,Vedran Novaković,0000-0003-2964-9674,University of Zagreb,Erratum: Vectorization of a Thread-Parallel Jacobi Singular Value Decomposition Method
